,Profile factor,Symmetry,Crossflow,Flow_velocity_1,Flow_velocity_2,Flow_velocity_3,Flow_velocity_4,Sound_speed_1,Sound_speed_2,Sound_speed_3,Sound_speed_4,Signal_strength_1,Signal_strength_2,Signal_strength_3,Signal_strength_4,Signal_strength_5,Signal_strength_6,Signal_strength_7,Signal_strength_8,Signal_quality_1,Signal_quality_2,Signal_quality_3,Signal_quality_4,Signal_quality_5,Signal_quality_6,Signal_quality_7,Signal_quality_8,Gain_1,Gain_2,Gain_3,Gain_4,Gain_5,Gain_6,Gain_7,Gain_8,Transit_time_1,Transit_time_2,Transit_time_3,Transit_time_4,Transit_time_5,Transit_time_6,Transit_time_7,Transit_time_8,fault_class
0,1.1026897108469098,1.00442493353855,1.00674137629137,15.2286111111111,16.6763888888889,16.7130555555556,15.0513888888889,1485.4472222222198,1485.41666666667,1485.49166666667,1485.55,62.0,62.0,63.0,63.0,61.0,61.0,61.0,61.0,3444.80555555556,2924.55555555556,3232.1111111111104,3193.1388888888896,3098.25,3328.6111111111104,3524.6111111111104,2507.5833333333303,15.5388888888889,15.5388888888889,10.0,10.0,17.2,17.2,17.7,17.7,86.5858333333333,85.5766666666666,106.985,105.53083333333299,106.71444444444401,105.255833333333,86.4611111111111,85.4608333333333,1
1,1.10143161440531,1.00372200232389,1.00825616845614,14.1066666666667,15.4075,15.4738888888889,13.930833333333302,1485.22222222222,1485.2111111111099,1485.2888888888901,1485.3527777777801,62.0,62.0,63.0,63.0,61.0,61.0,61.0,61.0,3536.2222222222204,2981.19444444444,3260.3333333333303,3254.97222222222,3118.6666666666697,3335.6111111111104,3553.6666666666706,2601.27777777778,15.5,15.5,10.0,10.0,17.2,17.2,17.7,17.7,86.56,85.62805555555559,106.9425,105.603611111111,106.676111111111,105.32666666666701,86.43388888888892,85.5105555555556,1
2,1.09856774308336,1.0025278010960101,1.00910346915987,14.136666666666699,15.3880555555556,15.484444444444401,13.965833333333302,1485.06111111111,1485.04722222222,1485.13333333333,1485.18333333333,62.0,62.0,63.0,63.0,61.0,61.0,61.0,61.0,3513.52777777778,3005.0,3284.8333333333303,3264.19444444444,3138.02777777778,3329.47222222222,3567.8888888888896,2592.75,15.5,15.5,10.0,10.0,17.2,17.2,17.7,17.7,86.5722222222222,85.6352777777778,106.954722222222,105.614722222222,106.68638888888901,105.336388888889,86.4447222222222,85.51916666666669,1
3,1.09951578884829,1.0070236551404301,1.00936315390448,14.1463888888889,15.405,15.439166666666699,13.9061111111111,1485.14444444444,1485.1138888888902,1485.2166666666699,1485.25,62.0,62.0,63.0,63.0,61.0,61.0,61.0,61.0,3541.4722222222204,2990.72222222222,3282.9166666666697,3275.47222222222,3123.5,3334.25,3573.9166666666706,2607.19444444444,15.5,15.5,10.0,10.0,17.2,17.2,17.7,17.7,86.56611111111108,85.6308333333333,106.9525,105.60944444444401,106.681388888889,105.331666666667,86.4397222222222,85.5158333333334,1
4,1.1003362394739198,1.00066135066702,1.00670931058991,14.056944444444401,15.3636111111111,15.452222222222199,13.9488888888889,1485.20277777778,1485.18055555555,1485.2722222222199,1485.3,62.0,62.0,63.0,63.0,61.0,61.0,61.0,61.0,3495.3333333333303,2970.3333333333303,3289.8888888888896,3244.19444444444,3117.27777777778,3332.0833333333303,3540.2222222222204,2592.6666666666697,15.5,15.5,10.0,10.0,17.2,17.2,17.7,17.7,86.56111111111109,85.63083333333341,106.946666666667,105.603888888889,106.676111111111,105.32888888888901,86.4369444444444,85.5122222222223,1
5,1.10226968232387,1.00282699544277,1.0066214500881,14.064166666666699,15.398333333333301,15.4538888888889,13.925555555555599,1485.2666666666698,1485.2472222222198,1485.3416666666699,1485.3638888888902,62.0,62.0,63.0,63.0,61.0,61.0,61.0,61.0,3514.6388888888896,2981.1111111111104,3265.3888888888896,3249.22222222222,3117.0833333333303,3345.5833333333303,3531.75,2598.4166666666697,15.5,15.5,10.0,10.0,17.2,17.2,17.7,17.7,86.5572222222223,85.6269444444444,106.941111111111,105.60055555555599,106.67166666666701,105.32361111111099,86.4325,85.5088888888889,1
6,1.10142468797746,1.00377462017293,1.0088868234111301,14.091944444444401,15.381666666666698,15.4563888888889,13.9063888888889,1485.3361111111099,1485.31666666667,1485.3972222222199,1485.43611111111,62.0,62.0,63.0,63.0,61.0,61.0,61.0,61.0,3515.97222222222,2971.5,3251.6388888888896,3248.97222222222,3117.72222222222,3354.5,3549.6111111111104,2614.3333333333303,15.5,15.5,10.0,10.0,17.2,17.2,17.7,17.7,86.5552777777778,85.6222222222222,106.9375,105.594722222222,106.668055555556,105.320277777778,86.4269444444445,85.5075,1
7,1.1013475912488402,1.00141341287245,1.00786137292518,12.790277777777801,13.975555555555598,14.061388888888901,12.666666666666698,1485.23611111111,1485.20833333333,1485.2888888888901,1485.33055555556,62.0,62.0,63.0,63.0,61.0,61.0,61.0,61.0,3580.5,3066.94444444444,3309.05555555556,3283.44444444444,3162.1388888888896,3363.55555555556,3571.0277777777796,2669.25,15.5,15.5,10.0,10.0,17.2,17.2,17.7,17.7,86.51638888888891,85.6688888888889,106.883611111111,105.665,106.61388888888901,105.38861111111099,86.3925,85.55472222222221,1
8,1.1044561915468702,1.00018187398407,1.00757567114286,11.6602777777778,12.7811111111111,12.8711111111111,11.565833333333302,1485.1027777777801,1485.10555555555,1485.2,1485.20555555556,62.0,62.0,63.0,63.0,61.0,61.0,61.0,61.0,3624.4166666666706,3145.1111111111104,3335.8333333333303,3315.05555555556,3219.52777777778,3388.97222222222,3570.8611111111104,2741.22222222222,15.5,15.5,10.0,10.0,17.2,17.2,17.7,17.7,86.48777777777771,85.7130555555555,106.837777777778,105.724166666667,106.56805555555599,105.448333333333,86.36361111111108,85.5975,1
9,1.10360576203169,1.00632676378178,1.00853552178202,9.3475,10.2255555555556,10.2469444444444,9.20305555555555,1485.2,1485.22222222222,1485.2888888888901,1485.30555555556,62.0,62.0,63.0,63.0,61.0,61.0,61.0,61.0,3670.0277777777796,3272.72222222222,3385.05555555556,3414.5833333333303,3286.5833333333303,3414.25,3577.55555555556,2894.8888888888896,15.5,15.5,10.0,10.0,17.2,17.2,17.7,17.7,86.4041666666667,85.7866666666667,106.71944444444401,105.8275,106.445555555556,105.554166666667,86.2791666666667,85.6697222222222,1
10,1.10715335980003,1.00321504079957,1.00967623187898,7.60777777777778,8.34083333333333,8.39194444444445,7.505555555555559,1485.26388888889,1485.29722222222,1485.375,1485.38333333333,62.0,62.0,63.0,63.0,61.0,61.0,61.0,61.0,3695.9166666666706,3378.75,3431.4166666666697,3411.94444444444,3314.8333333333303,3480.47222222222,3575.4722222222204,3012.80555555556,15.5,15.5,10.0,10.0,17.2,17.2,17.7,17.7,86.34472222222219,85.84,106.630833333333,105.90388888888901,106.36138888888901,105.63,86.21861111111109,85.7219444444444,1
11,1.09954229220066,1.0069478473923699,1.01085412684774,7.65666666666667,8.325833333333339,8.35666666666667,7.51555555555555,1485.26388888889,1485.3,1485.38888888889,1485.38055555556,62.0,62.0,63.0,63.0,61.0,61.0,61.0,61.0,3690.4722222222204,3379.1388888888896,3435.0,3421.30555555556,3316.97222222222,3479.0,3574.5833333333294,3007.47222222222,15.5,15.5,10.0,10.0,17.2,17.2,17.7,17.7,86.34527777777781,85.8397222222222,106.631111111111,105.903333333333,106.35916666666701,105.63027777777799,86.21861111111109,85.7213888888889,1
12,1.10392419215895,1.00702883219974,1.01800217995148,7.676666666666669,8.32194444444444,8.40833333333334,7.47861111111111,1485.2666666666698,1485.29722222222,1485.3916666666698,1485.38055555556,62.0,62.0,63.0,63.0,61.0,61.0,61.0,61.0,3696.30555555556,3377.1111111111104,3435.77777777778,3415.27777777778,3318.4166666666697,3481.3611111111104,3584.0,3008.4166666666697,15.5,15.5,10.0,10.0,17.2,17.2,17.7,17.7,86.34638888888891,85.8383333333333,106.63027777777799,105.90361111111099,106.35916666666701,105.629444444445,86.2183333333333,85.7227777777778,1
13,1.1041281125748899,1.0064472166893799,1.01129676334594,7.6505555555555596,8.35027777777778,8.38861111111111,7.509722222222219,1485.23055555555,1485.25833333333,1485.33888888889,1485.3583333333302,62.0,62.0,63.0,63.0,61.0,61.0,61.0,61.0,3678.05555555556,3367.69444444444,3435.6666666666697,3411.44444444444,3309.77777777778,3471.1111111111104,3579.0277777777796,3000.6666666666697,15.5,15.5,10.0,10.0,17.2,17.2,17.7,17.7,86.3483333333333,85.8402777777778,106.633611111111,105.90611111111099,106.361944444444,105.631388888889,86.22,85.7233333333333,1
14,1.10476889214967,1.00422670509126,1.0073821394209699,7.6183333333333305,8.35305555555556,8.378055555555559,7.526111111111111,1485.18055555555,1485.20833333333,1485.3,1485.31388888889,62.0,62.0,63.0,63.0,61.0,61.0,61.0,61.0,3683.6666666666706,3369.75,3455.80555555556,3411.47222222222,3318.55555555556,3474.6111111111104,3581.2777777777796,3008.1666666666697,15.5,15.5,10.0,10.0,17.2,17.2,17.7,17.7,86.3483333333333,85.8438888888889,106.63694444444401,105.90861111111099,106.365,105.63611111111099,86.2233333333333,85.7258333333333,1
15,1.1031789682103201,1.00251361541684,1.01030385868994,7.62666666666667,8.32666666666667,8.388333333333339,7.525,1485.17222222222,1485.2055555555498,1485.2805555555599,1485.29166666667,62.0,62.0,63.0,63.0,61.0,61.0,61.0,61.0,3653.4166666666706,3331.55555555556,3458.94444444444,3417.3611111111104,3322.0,3462.8333333333303,3587.30555555556,3006.05555555556,15.430555555555598,15.430555555555598,10.0,10.0,17.2,17.2,17.7,17.7,86.35,85.8452777777778,106.638055555556,105.91,106.366388888889,105.635833333333,86.2241666666666,85.7261111111111,1
16,1.1087860532068001,1.00519618777248,1.0093215818749801,5.25,5.7658333333333305,5.78833333333333,5.170555555555559,1485.08333333333,1485.11666666667,1485.20833333333,1485.1972222222198,62.0,62.0,63.0,63.0,61.0,61.0,61.0,61.0,3543.3333333333294,3319.4166666666697,3457.6666666666697,3460.3888888888896,3398.6666666666697,3489.72222222222,3524.44444444444,3142.80555555556,15.0,15.0,10.0,10.0,17.2,17.2,17.7,17.7,86.275,85.9275,106.53166666666701,106.02888888888901,106.258888888889,105.754166666667,86.15194444444451,85.8097222222222,1
17,1.10344149963261,1.00295328441024,1.00895166752348,16.357222222222198,17.8863888888889,17.9883333333333,16.1544444444444,1485.22222222222,1485.19444444444,1485.275,1485.34722222222,61.27777777777779,61.27777777777779,63.0,63.0,61.0,61.0,61.0,61.0,3505.8611111111104,2997.94444444444,3178.69444444444,3164.3888888888896,3033.94444444444,3290.6111111111104,3621.1111111111104,2539.1111111111104,15.916666666666698,15.916666666666698,10.0,10.0,17.2,17.2,18.0694444444445,18.0694444444445,86.63722222222219,85.55277777777779,107.054444444444,105.495833333333,106.785833333333,105.21888888888901,86.5072222222222,85.4372222222222,1
18,1.09943475973045,1.00181270838054,1.00834618819518,16.4516666666667,17.936111111111103,18.0477777777778,16.2777777777778,1484.18888888889,1483.5916666666699,1483.65277777778,1483.775,61.1388888888889,61.1388888888889,63.0,63.0,61.0,61.0,61.0,61.0,3522.3333333333294,3029.02777777778,3185.25,3177.94444444444,3031.25,3300.52777777778,3552.0277777777796,2594.1111111111104,16.2222222222222,16.2222222222222,10.2,10.2,17.3,17.3,18.4916666666667,18.516666666666698,86.7008333333333,85.6083333333333,107.17138888888901,105.603611111111,106.90555555555599,105.3275,86.6033333333333,85.52611111111109,1
19,1.10204492613002,1.00681639430219,1.0110694643920601,15.315,16.6877777777778,16.755,15.0311111111111,1484.83333333333,1484.31666666667,1484.3638888888902,1484.3722222222198,62.0,62.0,63.0,63.0,61.0,61.0,61.0,61.0,3455.5833333333303,2902.25,3224.77777777778,3224.1666666666697,3097.0,3342.80555555556,3569.3888888888896,2557.6111111111104,15.6,15.6,10.2,10.2,17.3,17.3,18.0,18.0,86.62388888888891,85.6072222222222,107.0675,105.610277777778,106.79805555555599,105.333888888889,86.5275,85.5283333333334,1
20,1.0992490860586899,1.00573025328286,1.0075306612241801,14.154444444444401,15.4388888888889,15.4652777777778,13.9594444444444,1485.3,1484.78611111111,1484.83055555556,1484.8861111111098,62.0,62.0,63.0,63.0,61.0,61.0,61.0,61.0,3530.4166666666706,2977.25,3255.19444444444,3252.1111111111104,3123.27777777778,3385.27777777778,3586.7222222222204,2650.5833333333303,15.6,15.6,10.2,10.2,17.3,17.3,18.0,18.0,86.5577777777778,85.61972222222221,106.978333333333,105.629444444444,106.70555555555599,105.355277777778,86.4611111111111,85.53555555555559,1
21,1.1011845368056001,1.00452394865318,1.0093151564965201,14.1602777777778,15.4458333333333,15.5161111111111,13.956666666666699,1485.58333333333,1485.05833333333,1485.125,1485.125,62.0,62.0,63.0,63.0,61.0,61.0,61.0,61.0,3509.77777777778,2998.44444444444,3277.6666666666697,3270.30555555556,3135.5833333333303,3356.9166666666697,3605.6111111111104,2635.97222222222,15.6,15.6,10.2,10.2,17.3,17.3,18.0,18.0,86.5416666666667,85.6038888888889,106.958333333333,105.61138888888901,106.68833333333299,105.335,86.4466666666667,85.52472222222221,1
22,1.09824533748436,1.00415937364726,1.00829820739861,14.189166666666699,15.4519444444444,15.512777777777801,14.005555555555599,1485.7888888888901,1485.2833333333301,1485.36944444444,1485.36944444445,62.0,62.0,63.0,63.0,61.0,61.0,61.0,61.0,3502.75,2991.0,3248.72222222222,3254.55555555556,3129.6666666666697,3375.44444444444,3607.6388888888896,2648.94444444444,15.6,15.6,10.2,10.2,17.3,17.3,18.0,18.0,86.53222222222219,85.5916666666666,106.941111111111,105.59444444444401,106.67138888888901,105.320555555556,86.435,85.50694444444441,1
23,1.1051228960065,1.00548351171263,1.00870642063072,14.1236111111111,15.4694444444444,15.516666666666698,13.915,1485.9972222222198,1485.48611111111,1485.55833333333,1485.56388888889,62.0,62.0,63.0,63.0,61.0,61.0,61.0,61.0,3505.0,2982.6666666666697,3275.9166666666697,3277.72222222222,3123.6111111111104,3354.27777777778,3609.9166666666706,2648.02777777778,15.6,15.6,10.2,10.2,17.3,17.3,18.0,18.0,86.5166666666667,85.58055555555549,106.926944444444,105.581666666667,106.65638888888901,105.304722222222,86.4208333333333,85.4963888888889,1
24,1.1004552681736999,1.0070774747570101,1.00963764350168,14.186666666666698,15.457777777777801,15.495277777777801,13.940833333333302,1485.67222222222,1485.1555555555599,1485.2333333333302,1485.24166666667,62.0,62.0,63.0,63.0,61.0,61.0,61.0,61.0,3512.8333333333303,2986.22222222222,3272.52777777778,3243.47222222222,3128.5833333333303,3356.52777777778,3592.8888888888896,2629.75,15.6,15.6,10.2,10.2,17.3,17.3,18.0,18.0,86.53611111111108,85.5986111111111,106.950277777778,105.603611111111,106.68,105.327777777778,86.44138888888891,85.5163888888889,1
25,1.1006276274498201,1.0073082182092499,1.01473678232722,14.2361111111111,15.4361111111111,15.5447222222222,13.9122222222222,1484.9833333333302,1484.48611111111,1484.55833333333,1484.57777777778,62.0,62.0,63.0,63.0,61.0,61.0,61.0,61.0,3511.9166666666697,2992.6388888888896,3254.8888888888896,3254.77777777778,3128.1388888888896,3357.30555555556,3552.2777777777796,2638.1388888888896,15.6,15.6,10.2,10.2,17.3,17.3,18.0,18.0,86.5758333333333,85.6391666666667,106.995,105.65111111111099,106.730833333333,105.37416666666701,86.4783333333333,85.5569444444445,1
26,1.09899116594401,1.00291996409373,1.00909740118608,12.925555555555599,14.075,14.1577777777778,12.764166666666698,1484.6027777777801,1484.08888888889,1484.18611111111,1484.16111111111,62.0,62.0,63.0,63.0,61.0,61.0,61.0,61.0,3569.8333333333294,3071.1111111111104,3291.25,3293.72222222222,3182.25,3374.4166666666697,3594.2777777777796,2705.52777777778,15.6,15.6,10.2,10.2,17.3,17.3,18.0,18.0,86.5561111111111,85.7019444444445,106.96916666666701,105.736944444444,106.698333333333,105.46,86.465,85.61777777777779,1
27,1.10208531605006,1.00286957220417,1.01138878642567,11.615,12.6547222222222,12.7572222222222,11.443055555555599,1484.6083333333302,1484.1138888888902,1484.18055555555,1484.1583333333301,62.0,62.0,63.0,63.0,61.0,61.0,61.0,61.0,3584.3333333333294,3120.6111111111104,3325.3888888888896,3339.52777777778,3223.80555555556,3401.55555555556,3626.6666666666706,2789.3333333333303,15.6,15.6,10.2,10.2,17.3,17.3,18.0,18.0,86.51611111111109,85.74444444444441,106.903333333333,105.799444444444,106.63722222222201,105.52277777777799,86.4205555555556,85.6625,1
28,1.1025139043381598,1.00429809554779,1.01086555646969,9.43888888888889,10.2925,10.3566666666667,9.29027777777778,1484.9,1484.43333333333,1484.51388888889,1484.4888888888902,62.0,62.0,63.0,63.0,61.0,61.0,61.0,61.0,3646.8333333333294,3268.3888888888896,3395.47222222222,3360.52777777778,3304.52777777778,3466.44444444444,3617.2777777777796,2922.1111111111104,15.6,15.6,10.2,10.2,17.3,17.3,18.0,18.0,86.4244444444445,85.7991666666667,106.776666666667,105.879166666667,106.508055555556,105.605277777778,86.32861111111109,85.71361111111109,1
29,1.09725802671666,1.00494614390349,1.00930931449593,7.76166666666667,8.43611111111111,8.47111111111111,7.6469444444444505,1484.8972222222199,1484.4055555555599,1484.4972222222198,1484.44166666667,62.0,62.0,63.0,63.0,61.0,61.0,61.0,61.0,3692.30555555556,3328.9166666666697,3418.22222222222,3434.8333333333303,3317.1666666666697,3457.8333333333303,3592.4166666666706,3012.77777777778,15.6,15.6,10.2,10.2,17.3,17.3,18.0,18.0,86.36944444444441,85.8563888888889,106.698333333333,105.96194444444401,106.426944444444,105.6875,86.2775,85.7694444444445,1
30,1.10555343892306,1.00792401252617,1.01088124198635,7.73083333333333,8.45166666666666,8.47527777777778,7.58,1484.7666666666698,1484.29444444444,1484.375,1484.325,62.0,62.0,63.0,63.0,61.0,61.0,61.0,61.0,3688.1111111111104,3349.47222222222,3443.1388888888896,3409.3333333333303,3313.55555555556,3469.0,3611.7222222222204,3020.69444444444,15.6,15.6,10.2,10.2,17.3,17.3,18.0,18.0,86.37805555555559,85.86305555555549,106.709166666667,105.970277777778,106.43611111111099,105.696388888889,86.2819444444445,85.7797222222223,1
31,1.1008160612406999,1.00693354490419,1.00901258654328,7.75694444444445,8.46,8.47666666666666,7.628611111111111,1484.8222222222198,1484.3444444444401,1484.43611111111,1484.38888888889,62.0,62.0,63.0,63.0,61.0,61.0,61.0,61.0,3689.9722222222204,3347.6388888888896,3434.52777777778,3420.22222222222,3307.9166666666697,3467.94444444444,3598.1111111111104,3015.3333333333303,15.6,15.6,10.2,10.2,17.3,17.3,18.0,18.0,86.375,85.8597222222222,106.704722222222,105.965,106.433333333333,105.691111111111,86.2791666666667,85.7744444444445,1
32,1.1021389697506598,1.00260093702632,1.00785783365571,7.7236111111111105,8.445,8.48722222222222,7.63944444444445,1484.9694444444401,1484.49166666667,1484.5722222222198,1484.54166666667,62.0,62.0,63.0,63.0,61.0,61.0,61.0,61.0,3688.05555555556,3337.69444444444,3399.80555555556,3426.1666666666697,3341.22222222222,3447.4166666666697,3588.25,3031.05555555556,15.6,15.6,10.2,10.2,17.3,17.3,18.0,18.0,86.3652777777778,85.8533333333333,106.693333333333,105.95583333333299,106.420833333333,105.681666666667,86.27138888888891,85.7663888888889,1
33,1.1056536012914198,1.00405676011601,1.00828633705844,7.70694444444445,8.44944444444444,8.48333333333333,7.60777777777778,1484.93611111111,1484.46388888889,1484.5388888888901,1484.49444444444,62.0,62.0,63.0,63.0,61.0,61.0,61.0,61.0,3683.6666666666706,3333.02777777778,3403.19444444444,3427.30555555556,3325.3611111111104,3439.1388888888896,3590.4166666666706,3021.19444444444,15.6,15.6,10.2,10.2,17.3,17.3,18.0,18.0,86.3655555555555,85.8563888888889,106.695277777778,105.958888888889,106.424722222222,105.684166666667,86.2741666666667,85.76916666666669,1
34,1.1002024657435199,1.00626856392899,1.01019119300978,7.74916666666667,8.43722222222222,8.46861111111111,7.61694444444445,1484.81666666667,1484.3361111111099,1484.4,1484.39444444445,62.0,62.0,63.0,63.0,61.0,61.0,61.0,61.0,3684.0,3351.30555555556,3434.19444444444,3413.6666666666697,3306.02777777778,3473.44444444444,3581.6666666666706,3018.3333333333303,15.6,15.6,10.2,10.2,17.3,17.3,18.0,18.0,86.37388888888891,85.86055555555559,106.70361111111099,105.96638888888901,106.4325,105.693611111111,86.2805555555556,85.7755555555556,1
35,1.10061111548247,1.0042542542542499,1.0066143862901802,5.325555555555559,5.82166666666667,5.8347222222222195,5.26527777777778,1484.98611111111,1484.5166666666698,1484.5861111111099,1484.55833333333,62.0,62.0,63.0,63.0,61.0,61.0,61.0,61.0,3692.4722222222204,3482.3611111111104,3464.25,3430.1666666666697,3370.44444444444,3493.8888888888896,3575.5,3161.75,15.6,15.6,10.2,10.2,17.3,17.3,18.0,18.0,86.2847222222222,85.93,106.577222222222,106.06805555555599,106.305277777778,105.795833333333,86.1927777777778,85.8430555555555,1
36,1.10467445308639,1.0112356757562901,1.01018633540373,5.39916666666667,5.901111111111111,5.89527777777778,5.27944444444445,1485.4694444444401,1485.0805555555498,1485.16944444444,1485.2111111111099,61.0,61.0,63.0,63.0,61.0,61.0,61.0,61.0,3814.75,3813.8888888888896,3430.3333333333303,3483.72222222222,3184.75,3338.30555555556,3737.3333333333294,3280.8888888888896,17.6,17.6,9.80000000000001,9.80000000000001,16.5,16.5,18.2,18.2,86.25861111111121,85.9005555555556,106.54,106.023611111111,106.266666666667,105.75055555555599,86.155,85.8036111111111,1
37,1.10103314599447,1.00128975265018,1.00525775385923,7.513611111111111,8.22888888888889,8.26,7.46222222222222,1485.7388888888902,1485.3222222222198,1485.41666666667,1485.4833333333302,61.0,61.0,63.0,63.0,61.0,61.0,61.0,61.0,3771.94444444444,3733.7777777777796,3403.8888888888896,3425.52777777778,3103.6111111111104,3355.47222222222,3751.80555555556,3153.75,17.6,17.6,9.80000000000001,9.80000000000001,16.5,16.5,18.2,18.2,86.31388888888891,85.8138888888889,106.622222222222,105.90694444444401,106.351111111111,105.63,86.2111111111111,85.71583333333331,1
38,1.08886264668979,1.00734081600085,1.01047789873732,7.596944444444441,8.18388888888889,8.20833333333334,7.4575,1486.00555555556,1485.61111111111,1485.70277777778,1485.7388888888902,61.0,61.0,63.0,63.0,61.0,61.0,61.0,61.0,3750.30555555556,3710.5833333333294,3390.80555555556,3446.6666666666697,3098.52777777778,3354.97222222222,3757.1111111111104,3148.1111111111104,17.6,17.6,9.80000000000001,9.80000000000001,16.5,16.5,18.2,18.2,86.2969444444444,85.7988888888889,106.60055555555599,105.887777777778,106.32888888888901,105.61277777777799,86.1958333333333,85.7027777777778,1
39,1.09734332677823,1.00405949194306,1.00972409869871,7.5402777777777805,8.19305555555555,8.23722222222222,7.4325,1486.23611111111,1485.8361111111099,1485.93055555556,1485.9694444444401,61.0,61.0,63.0,63.0,61.0,61.0,61.0,61.0,3776.9722222222204,3724.1388888888896,3405.9166666666697,3438.8611111111104,3090.94444444444,3344.75,3759.5277777777796,3162.27777777778,17.6,17.6,9.80000000000001,9.80000000000001,16.5,16.5,18.2,18.2,86.2833333333334,85.7872222222222,106.584444444444,105.872222222222,106.314444444444,105.597222222222,86.1822222222222,85.6902777777778,1
40,1.09417969834367,1.0078604634657,1.00828807723707,7.568055555555559,8.21,8.21333333333333,7.44166666666667,1486.41666666667,1486.02777777778,1486.1222222222198,1486.1583333333301,61.0,61.0,63.0,63.0,61.0,61.0,61.0,61.0,3780.0833333333294,3749.3611111111104,3392.80555555556,3447.8888888888896,3100.19444444444,3339.44444444444,3752.69444444444,3149.1666666666697,17.6,17.6,9.80000000000001,9.80000000000001,16.5,16.5,18.2,18.2,86.2741666666667,85.7763888888889,106.573333333333,105.857777777778,106.299444444444,105.584166666667,86.17027777777781,85.6786111111111,1
41,1.0960629045119898,1.00603446745825,1.00963692614061,7.550555555555559,8.19472222222222,8.22277777777778,7.428055555555559,1486.56944444444,1486.15277777778,1486.25555555556,1486.30555555556,61.0,61.0,63.0,63.0,61.0,61.0,61.0,61.0,3745.6111111111104,3716.3611111111104,3385.22222222222,3422.72222222222,3110.22222222222,3363.6111111111104,3751.8333333333294,3138.6388888888896,17.6,17.6,9.80000000000001,9.80000000000001,16.5,16.5,18.2,18.2,86.26611111111109,85.7652777777778,106.56194444444401,105.847222222222,106.289444444444,105.573055555556,86.1619444444445,85.6716666666667,1
42,1.0927924758854302,1.0027284646185501,1.0058202466507,7.535277777777781,8.18583333333333,8.21,7.46833333333333,1486.74166666667,1486.3527777777801,1486.43888888889,1486.4888888888902,61.0,61.0,63.0,63.0,61.0,61.0,61.0,61.0,3776.1111111111104,3720.7222222222204,3413.77777777778,3451.77777777778,3082.69444444444,3332.80555555556,3748.6388888888896,3153.8888888888896,17.6,17.6,9.80000000000001,9.80000000000001,16.5,16.5,18.2,18.2,86.2541666666667,85.7561111111111,106.54861111111099,105.836666666667,106.276388888889,105.562222222222,86.1527777777778,85.6583333333333,1
43,1.09350233013743,1.0028397796331001,1.00551653538829,9.39888888888889,10.22,10.2461111111111,9.31722222222222,1486.99166666667,1486.56944444444,1486.6472222222199,1486.69444444444,61.0,61.0,63.0,63.0,61.0,61.0,61.0,61.0,3713.6111111111104,3661.3333333333294,3342.5,3406.1388888888896,3030.19444444444,3328.77777777778,3565.80555555556,2875.6666666666697,17.6,17.6,9.80000000000001,9.80000000000001,16.5,16.5,17.8,17.8,86.3016666666667,85.68055555555559,106.620277777778,105.73194444444401,106.348333333333,105.459166666667,86.2030555555556,85.5847222222222,1
44,1.0942747821157799,1.00111712931618,1.0086649223555,11.8208333333333,12.823333333333302,12.915833333333302,11.700833333333302,1487.4972222222198,1487.06944444444,1487.16944444444,1487.23611111111,61.0,61.0,63.0,63.0,61.0,61.0,61.0,61.0,3608.6111111111104,3555.0,3274.9166666666697,3342.1111111111104,2916.0,3291.97222222222,3575.2777777777796,2730.22222222222,17.6,17.6,9.80000000000001,9.80000000000001,16.5,16.5,17.8,17.8,86.3547222222222,85.5713888888889,106.698888888889,105.5825,106.428611111111,105.304722222222,86.25027777777781,85.47694444444441,1
45,1.09669612567255,1.0049383226233002,1.0070118104535999,12.935555555555599,14.0844444444444,14.112222222222199,12.775,1487.7833333333301,1487.36666666667,1487.4666666666699,1487.51944444444,61.0,61.0,63.0,63.0,61.0,61.0,61.0,61.0,3534.69444444444,3493.22222222222,3232.4166666666697,3294.44444444444,2861.0833333333303,3296.3611111111104,3563.8888888888896,2656.1666666666697,17.6,17.6,9.80000000000001,9.80000000000001,16.5,16.5,17.8,17.8,86.37361111111109,85.5169444444445,106.730555555556,105.507777777778,106.45805555555599,105.233055555555,86.27,85.4238888888889,1
46,1.0935908969580699,1.00453396688974,1.00631910035717,14.1286111111111,15.350833333333302,15.376944444444401,13.9694444444444,1488.0,1487.55,1487.6361111111098,1487.7,61.0,61.0,63.0,63.0,61.0,61.0,61.0,61.0,3653.7777777777796,3605.2777777777796,3182.6388888888896,3267.27777777778,2804.80555555556,3276.6388888888896,3551.1111111111104,2596.97222222222,18.044444444444498,18.044444444444498,9.80000000000001,9.80000000000001,16.5,16.5,17.8,17.8,86.3980555555555,85.4688888888889,106.771388888889,105.44305555555599,106.50055555555599,105.165833333333,86.29722222222219,85.3772222222222,1
47,1.10023502698827,1.00071151419708,1.0011481600971701,13.96,15.3411111111111,15.3475,13.932777777777801,1486.4138888888901,1485.9972222222198,1486.06944444444,1486.11944444444,61.0,61.0,63.0,63.0,61.0,61.0,61.0,61.0,3693.25,3619.80555555556,3183.52777777778,3266.72222222222,2812.97222222222,3261.8333333333303,3536.4722222222204,2580.6111111111104,18.1,18.1,9.80000000000001,9.80000000000001,16.5,16.5,17.8,17.8,86.49,85.55861111111109,106.885277777778,105.55027777777799,106.614166666667,105.27444444444401,86.3852777777778,85.4688888888889,1
48,1.09574637565716,1.0047814532951,1.00803289479961,14.042222222222199,15.260833333333302,15.3080555555556,13.855555555555599,1485.2611111111098,1484.81944444444,1484.9,1484.9833333333302,61.0,61.0,63.0,63.0,61.0,61.0,61.0,61.0,3636.7777777777796,3632.9166666666706,3194.25,3274.25,2812.3611111111104,3255.6666666666697,3557.7777777777796,2568.8611111111104,18.1,18.1,9.80000000000001,9.80000000000001,16.5,16.5,17.802777777777802,17.802777777777802,86.5558333333333,85.6277777777778,106.967222222222,105.635833333333,106.698333333333,105.36055555555599,86.4533333333333,85.5325,1
49,1.09507542279467,1.00265790822623,1.00919973715037,14.0725,15.268055555555598,15.363333333333301,13.899444444444402,1484.31111111111,1483.82777777778,1483.95277777778,1484.01388888889,61.0,61.0,63.0,63.0,61.0,61.0,61.0,61.0,3659.0,3611.05555555556,3176.75,3259.55555555556,2825.27777777778,3266.72222222222,3623.4166666666706,2623.05555555556,18.1,18.1,9.80000000000001,9.80000000000001,16.5,16.5,17.9,17.9,86.6152777777778,85.68166666666659,107.040277777778,105.702222222222,106.768611111111,105.424722222222,86.5130555555556,85.5861111111111,1
50,1.09442801278361,1.0,1.00528351372668,14.032222222222199,15.276388888888901,15.3536111111111,13.955,1483.5166666666698,1483.05833333333,1483.1416666666698,1483.2472222222198,61.0,61.0,63.0,63.0,61.0,61.0,61.0,61.0,3683.2777777777796,3614.8611111111104,3184.75,3267.52777777778,2822.5833333333303,3261.1388888888896,3608.75,2601.19444444444,18.1,18.1,9.80000000000001,9.80000000000001,16.5,16.5,17.9,17.9,86.6569444444444,85.72694444444441,107.094722222222,105.760277777778,106.825555555556,105.483333333333,86.5566666666667,85.63,1
51,1.0929253506616998,1.00167686681699,1.00618133824549,14.0786111111111,15.2911111111111,15.356944444444402,13.9636111111111,1482.75,1482.2833333333301,1482.3916666666698,1482.4972222222198,61.0,61.0,63.0,63.0,61.0,61.0,61.0,61.0,3660.2777777777796,3635.19444444444,3188.0,3277.5833333333303,2826.3611111111104,3278.75,3639.94444444444,2628.8611111111104,18.1,18.1,9.80000000000001,9.80000000000001,16.5,16.5,17.9583333333333,17.9583333333333,86.7033333333333,85.77,107.150555555556,105.81361111111099,106.879444444444,105.53527777777799,86.60055555555559,85.6758333333333,1
52,1.0938316493395002,0.999031861355567,1.00082933216936,15.2019444444444,16.615277777777802,16.6438888888889,15.204166666666698,1483.81944444444,1483.35,1483.43888888889,1483.55,61.0,61.0,63.0,63.0,61.0,61.0,61.0,61.0,3546.1111111111104,3473.9166666666697,3134.94444444444,3237.8333333333303,2777.94444444444,3249.1666666666697,3597.8611111111104,2537.27777777778,17.9166666666667,17.9166666666667,9.80000000000001,9.80000000000001,16.5,16.5,17.908333333333303,17.908333333333303,86.68138888888892,85.66694444444451,107.13027777777799,105.680833333333,106.86055555555599,105.40416666666701,86.58027777777781,85.5733333333333,1
53,1.09690347620654,1.00189294776269,1.00572198728089,16.5266666666667,18.0233333333333,18.0891666666667,16.3955555555556,1485.18055555556,1484.6972222222198,1484.7888888888901,1484.94444444444,61.0,61.0,63.0,63.0,61.0,61.0,61.0,61.0,3549.4166666666706,3639.75,3078.47222222222,3190.25,2706.75,3232.0833333333303,3560.75,2519.19444444444,18.5361111111111,18.5361111111111,9.80000000000001,9.80000000000001,16.5,16.5,18.2583333333333,18.2444444444445,86.6419444444444,85.5486111111111,107.094722222222,105.522222222222,106.823055555556,105.24861111111099,86.5366666666667,85.4533333333333,1
54,1.07636467940514,1.01410440254265,1.01535529190046,6.39027777777778,6.77138888888889,6.77944444444444,6.19916666666667,1508.56388888889,1484.10555555556,1483.9833333333302,1484.01944444444,69.75,69.0,69.7222222222222,69.6944444444444,61.0,61.0,61.0,61.0,4307.277777777779,4370.027777777779,3142.80555555556,3193.6388888888896,3260.75,3467.97222222222,3690.25,3205.6388888888896,323.505555555556,323.505555555556,11.8,11.6111111111111,17.2444444444445,17.2444444444445,18.5666666666667,18.5666666666667,86.2508333333333,86.8958333333333,106.646944444444,106.05722222222201,106.39083333333299,105.79666666666701,86.25361111111108,85.8433333333333,2
55,1.0894221984535502,1.00704210278473,1.0132474503489,6.298611111111111,6.77027777777778,6.81027777777778,6.16722222222222,1511.95277777778,1488.3527777777801,1484.33888888889,1484.4,67.6388888888889,70.0833333333333,65.9166666666667,65.8888888888889,61.0,61.0,61.0,61.0,4943.777777777779,4877.833333333329,3116.1666666666697,3140.6111111111104,3218.94444444444,3437.72222222222,3650.1666666666706,3191.77777777778,322.875,322.875,11.605555555555599,11.661111111111099,17.4305555555556,17.469444444444402,18.5305555555556,18.5305555555556,86.2544444444445,85.8308333333333,106.368333333333,105.77916666666701,106.363333333333,105.769722222222,86.23083333333331,85.8211111111111,2
56,1.07705612346719,1.016598850352,1.02199676200755,6.387777777777781,6.728888888888889,6.76333333333333,6.13916666666667,1253.1555555555599,1484.6138888888902,1484.56111111111,1484.6083333333302,65.1666666666667,65.1666666666667,62.97222222222221,62.97222222222221,61.0,61.0,61.0,61.0,1271.66666666667,1518.05555555556,3183.6111111111104,3231.22222222222,3369.47222222222,3597.8888888888896,3703.1388888888896,3209.3888888888896,710.6833333333329,710.6833333333329,11.169444444444402,11.216666666666699,17.3083333333333,17.3083333333333,18.330555555555502,18.330555555555502,106.82944444444401,107.46805555555599,106.61,106.022222222222,106.346944444444,105.758055555556,86.21777777777771,85.8105555555555,2
57,1.1582931372080802,0.9594814316994379,0.963525373653111,5.57,6.723888888888889,6.7502777777777805,6.0627777777777805,1077.95277777778,1484.91666666667,1484.8861111111098,1484.93333333333,59.22222222222221,59.97222222222221,62.9444444444444,62.9444444444444,61.0,61.0,61.0,61.0,9136.0,9251.0,3260.27777777778,3393.9166666666697,3363.02777777778,3600.0833333333294,3681.6111111111104,3198.1666666666697,657.680555555556,657.680555555556,11.369444444444401,11.316666666666698,17.2388888888889,17.2388888888889,18.3805555555555,18.3805555555555,119.998055555556,119.579722222222,106.58722222222201,106.00111111111099,106.323888888889,105.735,86.1966666666667,85.7955555555556,2
58,1.1014704206086898,1.0098770277341702,1.01136809949815,6.16,6.70583333333333,6.71527777777778,6.02472222222222,1026.9,1485.19444444444,1485.1277777777802,1485.175,61.72222222222221,62.4166666666667,64.4444444444444,65.2222222222222,61.0,61.0,61.0,61.0,1609.0,4039.0,3281.52777777778,3475.8611111111104,3311.8888888888896,3539.4722222222204,3688.25,3214.44444444444,146.977777777778,146.977777777778,11.419444444444402,11.419444444444402,17.2111111111111,17.225,18.4,18.4,124.73,124.3,106.56555555555599,105.98111111111099,106.304166666667,105.71805555555599,86.1811111111111,85.7811111111111,2
59,1.06464065614333,1.00092142365506,1.01157353154541,12.2025,12.8422222222222,12.9747222222222,12.046944444444401,1420.2166666666699,1523.33888888889,1533.05555555556,1549.91666666667,68.4444444444444,68.4444444444444,68.9722222222222,70.5277777777778,65.5277777777778,63.97222222222221,65.8611111111111,65.8611111111111,3632.9722222222204,4995.416666666671,2615.97222222222,3268.52777777778,2377.25,3345.0833333333303,2877.55555555556,2648.5,432.488888888889,432.488888888889,144.091666666667,144.3,88.9666666666667,89.05,25.5,25.1638888888889,93.7458333333333,92.93361111111109,104.801666666667,103.954166666667,103.43805555555599,102.315,83.38472222222221,82.5855555555555,2
60,1.05543712439052,0.994904584773183,0.997388516082114,12.2,12.911944444444401,12.943333333333301,12.2972222222222,1454.3,1553.2833333333301,1513.2277777777801,1507.33333333333,66.1666666666667,64.3888888888889,66.5277777777778,68.1666666666667,67.8611111111111,67.0833333333333,67.9444444444444,67.9166666666667,955.972222222222,2336.8333333333303,2032.3055555555602,2672.97222222222,2249.8333333333303,3257.69444444444,3514.5,3505.69444444444,41.4138888888889,41.4138888888889,467.5,542.777777777778,177.061111111111,177.233333333333,113.941666666667,114.213888888889,89.70138888888891,85.7233333333333,102.398333333333,101.26444444444401,105.535833333333,104.41027777777799,86.4152777777778,85.61,2
61,1.10913675396655,0.00244205765969475,1.09835522423381,0.0,0.06,12.891944444444402,11.6775,1303.9,1204.7,1478.0388888888901,1169.6361111111098,63.4444444444444,63.52777777777779,63.1666666666667,64.0555555555556,66.3888888888889,65.5,64.1388888888889,65.0833333333333,2696.0,2654.0,1679.0,2030.0,1060.63888888889,1840.52777777778,3300.69444444444,3984.8333333333294,46.5694444444444,46.5694444444444,46.8277777777778,45.619444444444504,305.483333333333,303.186111111111,140.638888888889,228.052777777778,96.17,99.9699999999999,118.97,143.08,109.31,106.635277777778,113.681111111111,112.9725,2
62,1.0980054290098,0.9939205635256271,0.9934733607706361,11.69,12.924166666666698,12.9186111111111,11.8461111111111,1036.89444444444,1494.58333333333,1532.83055555556,1527.26944444444,67.3611111111111,66.5277777777778,68.3333333333333,69.1388888888889,66.3333333333333,66.3333333333333,66.3055555555556,68.0833333333333,1518.0,1397.0,2094.8888888888896,2505.19444444444,2877.25,4081.80555555556,1811.1944444444398,2481.55555555556,217.780555555556,217.780555555556,259.686111111111,260.297222222222,192.325,178.34722222222197,354.116666666667,354.116666666667,124.2,123.35222222222201,107.230833333333,105.83944444444401,104.18861111111099,103.058055555556,84.5775,83.7822222222222,2
63,1.05654711121728,1.00036513310761,1.00404602491908,12.237222222222199,12.876944444444401,12.9230555555556,12.181944444444401,1547.71388888889,1534.9138888888901,1522.50555555556,1531.83055555556,67.6666666666667,66.8611111111111,66.5555555555556,67.3055555555556,67.1944444444444,68.0,67.6111111111111,66.0277777777778,2287.1666666666697,4242.36111111111,2360.0833333333303,3176.1388888888896,2063.1388888888896,3067.4166666666697,2740.6666666666697,2825.8888888888896,434.76666666666705,434.76666666666705,218.686111111111,218.513888888889,150.188888888889,150.011111111111,24.4916666666667,24.5694444444444,84.00805555555559,83.185,103.60666666666701,102.48361111111099,104.135277777778,103.00305555555599,84.3002777777778,83.5105555555556,2
64,2.22450728363325,0.5302968686457911,0.540319279574294,0.14,12.9,13.06,11.53,1383.5,1086.5,1622.3,1022.0,59.6666666666667,57.0,61.6944444444444,60.6666666666667,59.8055555555556,58.97222222222221,63.5,62.8611111111111,1637.0,2895.0,5813.0,7081.0,1141.0,2029.0,1420.0,1586.0,46.8638888888889,46.8638888888889,45.7555555555556,45.8555555555555,45.7027777777778,46.288888888888906,42.961111111111094,43.675,98.77,86.09,145.84,144.71,97.6199999999999,96.48,125.33,124.56,2
65,2.06249999999999,0.511238891792995,0.5207785376117829,0.14,12.9,13.06,12.4466666666667,1383.5,1086.5,1086.4,1022.9666666666699,58.1388888888889,58.0,61.4444444444444,63.3333333333333,56.8055555555556,56.6944444444444,62.02777777777779,62.1388888888889,1637.0,2895.0,5813.0,7081.0,1141.0,2029.0,1420.0,1586.0,45.0111111111111,45.0111111111111,47.7055555555556,45.825,48.394444444444396,48.5111111111111,138.99166666666702,139.783333333333,98.77,86.09,145.84,144.71,145.5,144.34,125.246666666667,124.41,2
66,196.28333333333302,0.980424962355697,1.00559132497459,0.03,19.503333333333302,19.753333333333302,0.17,1796.4,1504.2166666666699,1175.11944444444,1461.9,58.47222222222221,59.4166666666667,64.9166666666667,64.1388888888889,59.3055555555556,59.0555555555556,59.1111111111111,59.02777777777779,5326.0,9459.0,2364.9166666666697,5722.277777777779,918.333333333333,2295.0,1639.0,3220.0,48.061111111111096,48.061111111111096,298.444444444444,298.308333333333,134.23055555555598,134.975,45.038888888888906,45.875,71.75,70.6,106.052222222222,104.065,137.071666666667,135.29972222222202,88.19,86.51000000000009,2
67,196.5,1.05622071837585,0.9334312285854139,0.03,20.26,19.04,0.17,1796.4,1627.8,1088.4,1461.9,55.0555555555556,55.02777777777779,56.1388888888889,57.9444444444444,62.5833333333333,60.75,58.9444444444444,57.8888888888889,5326.0,9459.0,985.0,1484.0,1370.0,4741.0,1639.0,3220.0,48.5555555555556,48.5555555555556,48.15277777777779,48.741666666666696,44.508333333333304,43.9944444444444,46.7027777777778,47.1916666666667,71.75,70.6,97.85,96.08,145.48,143.82,88.19,86.51000000000009,2
68,-0.75,-0.18181818181818202,-0.7352941176470591,0.0,-0.02,-0.25,0.36,1320.1,1194.0,1457.5,1554.9,59.6388888888889,59.6111111111111,62.47222222222221,61.6111111111111,59.72222222222221,59.6944444444444,57.02777777777779,57.97222222222221,2384.0,2318.0,2429.0,2208.0,2492.0,2459.0,1874.0,1954.0,45.7166666666667,45.7166666666667,47.1916666666667,45.2055555555556,45.961111111111094,45.5333333333333,47.6611111111111,48.0722222222222,98.77,94.96,145.43,118.96,104.23,111.82,88.34,75.91,2
69,-0.75,-0.18181818181818202,-0.7352941176470591,0.0,-0.02,-0.25,0.36,1320.1,1194.0,1457.5,1554.9,60.6944444444444,61.6111111111111,58.8611111111111,58.9166666666667,62.6111111111111,60.8055555555556,59.0833333333333,58.1388888888889,2384.0,2318.0,2429.0,2208.0,2492.0,2459.0,1874.0,1954.0,45.313888888888904,45.313888888888904,46.936111111111096,46.6666666666667,44.0944444444444,44.325,46.5555555555556,46.8083333333333,98.77,94.96,145.43,118.96,104.23,111.82,88.34,75.91,2
70,1.10300614675375,1.0106978879706099,1.00894536446626,2.92194444444444,3.1927777777777795,3.1875,2.8625,1484.7111111111099,1484.2833333333301,1484.38055555556,1484.40277777778,61.8055555555556,61.8055555555556,63.0,63.0,61.0,61.0,61.0,61.0,3778.8611111111104,3797.19444444444,3609.75,3645.0,3436.19444444444,3516.6111111111104,3677.55555555556,3449.6388888888896,17.4861111111111,17.4861111111111,10.2,10.2,17.0,17.0,18.2,18.2,86.2194444444444,86.0277777777778,106.48,106.2,106.204722222222,105.92777777777799,86.1205555555555,85.93,2
71,1.10942610764199,1.0090625885018398,1.01248226950355,2.83416666666667,3.1041666666666696,3.11416666666667,2.7708333333333304,1484.96388888889,1484.54722222222,1484.6361111111098,1484.70555555556,62.6111111111111,61.77777777777779,63.0,63.0,61.0,61.0,61.0,61.0,3628.6111111111104,3616.25,3635.0277777777796,3630.75,3393.75,3505.3611111111104,3657.6111111111104,3430.5833333333303,17.7722222222222,17.7722222222222,10.2,10.2,17.0,17.0,18.2,18.2,86.1991666666666,86.0116666666667,106.45388888888901,106.181666666667,106.18,105.91027777777799,86.1,85.9180555555556,2
72,1.10147022177922,1.0071401370906299,1.0091485205127,2.81055555555556,3.06666666666667,3.0725,2.76305555555556,1500.66944444444,1485.06666666667,1485.1638888888901,1485.2,62.6944444444444,64.25,63.0,63.0,61.0,61.0,61.0,61.0,3445.6111111111104,3647.69444444444,3613.80555555556,3613.7777777777796,3422.97222222222,3491.5,3647.80555555556,3413.52777777778,17.875,17.875,10.1944444444444,10.1944444444444,17.0,17.0,18.2,18.2,85.59888888888891,85.88472222222221,106.41722222222201,106.14972222222201,106.14083333333299,105.875277777778,86.07,85.8891666666667,2
73,1.09239157873479,1.01831109379566,1.02037732169844,2.8061111111111097,3.0022222222222203,3.00805555555556,2.69583333333333,1515.60555555556,1485.625,1485.70277777778,1485.7388888888902,67.1111111111111,67.0277777777778,63.0,63.0,61.0,61.0,61.0,61.0,3409.6111111111104,3307.47222222222,3339.30555555556,3416.5,3426.5833333333303,3468.8333333333303,3645.6111111111104,3403.02777777778,411.18055555555605,411.18055555555605,9.69999999999999,9.69999999999999,17.0,17.0,18.2,18.2,85.5627777777778,85.29111111111109,106.37361111111099,106.112222222222,106.100555555555,105.84,86.03861111111108,85.8597222222222,2
74,1.10361334156887,1.01493861854755,1.01722606120434,2.7436111111111097,2.9747222222222205,2.98111111111111,2.65305555555556,1232.4972222222198,1490.08055555556,1486.30833333333,1486.33888888889,67.1111111111111,66.1944444444444,65.1388888888889,66.75,61.0,61.0,61.0,61.0,1740.02777777778,1425.30555555556,3178.05555555556,3199.8888888888896,3375.4166666666697,3515.22222222222,3645.6388888888896,3392.19444444444,518.65,518.65,10.8277777777778,10.8277777777778,17.0,17.0,18.2,18.2,105.939166666667,108.192222222222,105.834444444444,106.060555555556,106.058055555556,105.79861111111099,86.00138888888891,85.82694444444441,2
75,1.11899911194693,1.02032074907859,1.0032594202182799,2.69166666666667,2.99888888888889,2.95138888888889,2.6258333333333304,1098.975,1503.75833333333,1486.68611111111,1486.7,67.0277777777778,65.9722222222222,68.0,68.0,61.0,61.0,61.0,61.0,621.166666666667,4959.972222222221,3661.8333333333294,3640.8333333333294,3409.8888888888896,3507.0,3601.94444444444,3426.1666666666697,172.555555555556,172.555555555556,12.558333333333302,12.5638888888889,17.0,17.0,18.2,18.2,117.715277777778,117.536666666667,105.77888888888901,105.180833333333,106.03111111111099,105.772222222222,85.98,85.80694444444441,2
76,1.11001964636542,1.0186971360736,0.981838488806876,2.6866666666666696,3.03416666666667,2.92972222222222,2.68611111111111,1247.6555555555599,1547.65277777778,1486.9,1486.91666666667,66.1111111111111,66.5833333333333,66.1944444444444,65.3888888888889,61.02777777777779,61.02777777777779,61.0,61.0,735.722222222222,2168.8333333333303,2915.8333333333303,2823.47222222222,3362.77777777778,3444.97222222222,3625.2777777777796,3393.30555555556,470.03333333333296,470.03333333333296,192.05833333333302,192.05,16.8527777777778,16.8527777777778,18.2,18.2,106.665277777778,102.833333333333,101.462777777778,103.46,106.01555555555599,105.758055555556,85.96888888888891,85.79361111111109,2
77,1.10385383027385,1.0051433609823,1.0098526198639899,16.3413888888889,17.8580555555556,17.9377777777778,16.086666666666698,1486.50833333333,1486.45555555556,1486.5305555555499,1486.58333333333,61.9444444444444,61.9166666666667,63.0,63.0,61.0,61.0,61.0,61.0,3491.4166666666697,2915.80555555556,3248.52777777778,3209.8333333333303,3005.3888888888896,3298.94444444444,3544.30555555556,2504.1111111111104,15.680555555555598,15.680555555555598,10.1,10.1,17.1,17.1,17.8,17.8,86.55861111111109,85.4788888888888,106.96,105.407222222222,106.694444444444,105.131944444444,86.4316666666667,85.3708333333333,3
78,1.10577472314864,1.00028879981797,1.0096276432056999,15.1536111111111,16.5961111111111,16.7436111111111,14.9969444444444,1486.0527777777802,1486.00555555556,1486.06666666667,1486.11111111111,62.0,62.0,63.0,63.0,61.0,61.0,61.0,61.0,3556.8333333333294,2988.5833333333303,3273.75,3246.05555555556,3048.69444444444,3299.1666666666697,3563.5,2559.3888888888896,15.7,15.7,10.1,10.1,17.1,17.1,17.716666666666697,17.716666666666697,86.54777777777781,85.545,106.940277777778,105.493055555556,106.67361111111099,105.217222222222,86.42527777777781,85.4316666666667,3
79,1.1019909186168402,1.00414854848378,1.00883149582268,14.011944444444401,15.3027777777778,15.370833333333302,13.8227777777778,1485.6277777777802,1485.58888888889,1485.66944444444,1485.7,62.0,62.0,63.0,63.0,61.0,61.0,61.0,61.0,3436.72222222222,2940.44444444444,3294.6388888888896,3298.19444444444,3099.02777777778,3303.19444444444,3449.3611111111104,2515.44444444444,15.2,15.2,10.1,10.1,17.1,17.1,17.3,17.3,86.53555555555559,85.6080555555555,106.913333333333,105.58055555555599,106.644166666667,105.30277777777799,86.4075,85.4933333333333,3
80,1.10188106553776,1.00302571860817,1.0085296390646,13.9947222222222,15.287777777777801,15.3677777777778,13.8263888888889,1485.425,1485.375,1485.46388888889,1485.49444444444,62.0,62.0,63.0,63.0,61.0,61.0,61.0,61.0,3434.3333333333303,2905.97222222222,3298.3611111111104,3264.69444444444,3105.94444444444,3329.6111111111104,3413.19444444444,2516.27777777778,15.2,15.2,10.1,10.1,17.1,17.1,17.3,17.3,86.5441666666667,85.6205555555555,106.927222222222,105.595,106.65611111111099,105.318888888889,86.4191666666667,85.5097222222223,3
81,1.1039420081476201,1.0024327894401701,1.00731616701437,13.9811111111111,15.3202777777778,15.3913888888889,13.838888888888901,1485.24444444444,1485.2277777777801,1485.32777777778,1485.3527777777801,62.0,62.0,63.0,63.0,61.0,61.0,61.0,61.0,3549.3611111111104,3024.1666666666697,3287.8611111111104,3291.02777777778,3086.4166666666697,3291.77777777778,3418.1388888888896,2505.8333333333303,15.5111111111111,15.5111111111111,10.1,10.1,17.1,17.1,17.3,17.3,86.555,85.6286111111111,106.940833333333,105.605,106.67055555555599,105.32805555555599,86.4275,85.5163888888889,3
82,1.10691174997496,1.0044695612396601,1.0088919876601,13.9625,15.3155555555556,15.379722222222199,13.768055555555598,1485.53611111111,1485.5222222222199,1485.59722222222,1485.625,62.0,62.0,63.0,63.0,61.0,61.0,61.0,61.0,3431.77777777778,2950.75,3294.8333333333303,3276.72222222222,3088.75,3317.97222222222,3447.9166666666697,2497.6388888888896,15.3,15.3,10.1,10.1,17.1,17.1,17.3,17.3,86.5391666666667,85.6133333333333,106.918333333333,105.583333333333,106.648888888889,105.308333333333,86.41138888888891,85.5002777777777,3
83,1.10335307298335,1.00442317591657,1.0107870326097401,13.995,15.273333333333301,15.365555555555598,13.7738888888889,1485.81111111111,1485.7722222222199,1485.8583333333302,1485.86944444445,62.0,62.0,63.0,63.0,61.0,61.0,61.0,61.0,3452.52777777778,2919.8333333333303,3295.25,3273.8333333333303,3096.22222222222,3312.6388888888896,3413.6388888888896,2512.3333333333303,15.3,15.3,10.1,10.1,17.1,17.1,17.3,17.3,86.52388888888892,85.5975,106.899166666667,105.56777777777799,106.631388888889,105.290833333333,86.3972222222223,85.4858333333333,3
84,1.10426412378553,1.0037406127751898,1.00861575452256,13.985,15.308333333333302,15.379166666666698,13.805,1485.6555555555599,1485.625,1485.68888888889,1485.74166666667,62.0,62.0,63.0,63.0,61.0,61.0,61.0,61.0,3440.94444444444,2917.8888888888896,3267.9166666666697,3287.8611111111104,3085.30555555556,3294.9166666666697,3445.19444444444,2507.5833333333303,15.3,15.3,10.1,10.1,17.1,17.1,17.3,17.3,86.5319444444444,85.60611111111109,106.91055555555599,105.575833333333,106.642222222222,105.30277777777799,86.4041666666667,85.49277777777779,3
85,1.10356571829073,1.00380763613603,1.0094885394763,12.770833333333302,13.958333333333302,14.0336111111111,12.594166666666698,1485.475,1485.47222222222,1485.52777777778,1485.58333333333,62.0,62.0,63.0,63.0,61.0,61.0,61.0,61.0,3493.3888888888896,3004.77777777778,3336.25,3325.55555555556,3141.8611111111104,3328.55555555556,3451.94444444444,2601.8888888888896,15.3,15.3,10.1,10.1,17.1,17.1,17.3,17.3,86.50138888888891,85.6583333333333,106.862222222222,105.648611111111,106.595277777778,105.372222222222,86.3755555555556,85.54444444444441,3
86,1.1052782319176102,1.00833314359873,1.00977454744301,11.748888888888901,12.855,12.8725,11.528055555555598,1485.5333333333301,1485.52777777778,1485.59722222222,1485.61666666667,62.0,62.0,63.0,63.0,61.0,61.0,61.0,61.0,3533.6388888888896,3049.5,3361.4166666666697,3330.8888888888896,3163.69444444444,3354.52777777778,3450.72222222222,2646.30555555556,15.3,15.3,10.1,10.1,17.1,17.1,17.3,17.3,86.46472222222219,85.6875,106.80944444444401,105.69305555555599,106.540277777778,105.41861111111099,86.3372222222222,85.57444444444451,3
87,1.1032930549739801,1.0090709102336999,1.01237676887636,9.39138888888889,10.2305555555556,10.2625,9.183055555555551,1485.7833333333301,1485.79444444444,1485.8916666666698,1485.88055555556,62.0,62.0,63.0,63.0,61.0,61.0,61.0,61.0,3597.7777777777796,3211.3611111111104,3447.1388888888896,3405.52777777778,3254.69444444444,3395.72222222222,3442.9166666666697,2804.02777777778,15.3,15.3,10.1,10.1,17.1,17.1,17.3,17.3,86.3716666666666,85.7527777777778,106.676111111111,105.78555555555599,106.40583333333299,105.511666666667,86.24611111111109,85.6377777777778,3
88,1.10188318375754,1.0046656025818699,1.00628434005652,7.59555555555556,8.31527777777778,8.32805555555556,7.508888888888889,1485.5527777777802,1485.5722222222198,1485.6583333333301,1485.65277777778,62.0,62.0,63.0,63.0,61.0,61.0,61.0,61.0,3620.05555555556,3294.25,3476.69444444444,3450.9166666666697,3294.94444444444,3408.94444444444,3430.3611111111104,2890.5833333333303,15.3,15.3,10.1,10.1,17.1,17.1,17.3,17.3,86.32638888888891,85.8241666666667,106.610277777778,105.88444444444401,106.338333333333,105.61083333333299,86.2033333333333,85.7075,3
89,1.09900935506993,1.0002977545801701,1.00796469512624,7.589444444444441,8.27472222222222,8.33527777777778,7.52416666666667,1485.7611111111098,1485.775,1485.8583333333302,1485.8583333333302,62.0,62.0,63.0,63.0,61.0,61.0,61.0,61.0,3614.9166666666706,3291.19444444444,3447.1388888888896,3450.1111111111104,3282.52777777778,3424.5,3441.5833333333303,2908.6111111111104,15.3,15.3,10.1,10.1,17.1,17.1,17.3,17.3,86.31388888888891,85.8113888888889,106.595,105.87194444444401,106.32361111111099,105.59777777777799,86.1908333333334,85.6941666666667,3
90,1.10546125461255,1.00890766657865,1.0096152152857298,7.60083333333333,8.318888888888889,8.32444444444445,7.45472222222222,1485.77777777778,1485.8,1485.8777777777802,1485.86944444445,62.0,62.0,63.0,63.0,61.0,61.0,61.0,61.0,3615.7222222222204,3295.4166666666697,3443.1388888888896,3452.4166666666697,3297.25,3422.1111111111104,3445.8611111111104,2909.6388888888896,15.3,15.3,10.1,10.1,17.1,17.1,17.3,17.3,86.3133333333333,85.8102777777778,106.59305555555599,105.87,106.320277777778,105.597222222222,86.1891666666667,85.6958333333333,3
91,1.10113268608414,1.00699042768069,1.00882513228908,7.61583333333333,8.31,8.32444444444444,7.49083333333333,1485.68611111111,1485.70555555556,1485.79166666667,1485.7833333333301,62.0,62.0,63.0,63.0,61.0,61.0,61.0,61.0,3588.4166666666706,3283.05555555556,3451.3333333333303,3438.44444444444,3275.4166666666697,3426.1111111111104,3450.4166666666697,2893.1111111111104,15.3,15.3,10.1,10.1,17.1,17.1,17.3,17.3,86.31861111111108,85.81555555555559,106.599722222222,105.875277777778,106.32805555555599,105.601666666667,86.19555555555559,85.6997222222222,3
92,1.1019296922426,1.0080665002987599,1.0157892879825001,7.64416666666667,8.28944444444444,8.35,7.4561111111111105,1485.76944444445,1485.8027777777802,1485.8638888888902,1485.8722222222198,62.0,62.0,63.0,63.0,61.0,61.0,61.0,61.0,3607.5277777777796,3292.77777777778,3442.9166666666697,3452.69444444444,3292.8611111111104,3423.05555555556,3454.3611111111104,2905.69444444444,15.3,15.3,10.1,10.1,17.1,17.1,17.3,17.3,86.31388888888891,85.81,106.59194444444401,105.870833333333,106.322777777778,105.5975,86.1897222222222,85.6958333333333,3
93,1.10307474070117,1.00507605297362,1.01420354294587,7.615,8.28027777777778,8.35194444444445,7.46305555555555,1485.8861111111098,1485.9,1485.9833333333302,1485.98055555556,62.0,62.0,63.0,63.0,61.0,61.0,61.0,61.0,3622.0277777777796,3298.1666666666697,3466.94444444444,3468.44444444444,3303.8333333333303,3396.9166666666697,3425.69444444444,2897.8611111111104,15.3,15.3,10.1,10.1,17.1,17.1,17.3,17.3,86.3072222222222,85.80305555555559,106.58277777777799,105.861944444444,106.315277777778,105.5875,86.1825,85.6877777777778,3
94,1.11012981485422,1.00383974132269,1.00983074896118,5.258611111111111,5.77972222222222,5.8125,5.1836111111111105,1485.6277777777802,1485.6583333333301,1485.7472222222198,1485.7277777777801,62.0,62.0,63.0,63.0,61.0,61.0,61.0,61.0,3640.75,3410.97222222222,3492.8888888888896,3501.9166666666697,3359.19444444444,3426.22222222222,3397.0833333333303,3022.80555555556,15.3,15.3,10.1,10.1,17.1,17.1,17.3,17.3,86.2447222222222,85.8961111111112,106.492777777778,105.989722222222,106.223333333333,105.71666666666701,86.12111111111109,85.7786111111112,3
95,1.1004403938038798,1.00989253260224,1.01169276367752,16.5205555555556,17.9619444444444,17.9925,16.1522222222222,1484.18611111111,1484.13333333333,1484.2388888888902,1484.2888888888901,61.9166666666667,61.9166666666667,63.0,63.0,61.0,61.0,61.0,61.0,3508.8333333333303,2945.0,3345.9166666666697,3338.0833333333303,3104.6111111111104,3370.05555555556,3532.3888888888896,2506.69444444444,15.838888888888901,15.838888888888901,10.5,10.5,17.4,17.4,17.9527777777778,17.9527777777778,86.69944444444451,85.6055555555555,107.133055555556,105.565,106.86083333333299,105.288888888889,86.56861111111108,85.4977777777778,3
96,1.10169709436874,1.00490586864537,1.01128424160932,15.251944444444401,16.6116666666667,16.7122222222222,14.995833333333302,1484.6638888888901,1484.6583333333301,1484.7388888888902,1484.79166666667,62.0,62.0,63.0,63.0,61.0,61.0,61.0,61.0,3523.9722222222204,2962.25,3401.75,3384.3333333333303,3156.47222222222,3416.52777777778,3548.5277777777796,2538.55555555556,15.6,15.6,10.5,10.5,17.4,17.4,17.716666666666697,17.716666666666697,86.6291666666667,85.6205555555555,107.036944444444,105.586388888889,106.769444444444,105.31111111111099,86.5008333333333,85.50777777777779,3
97,1.1011901213963602,1.00591788928615,1.011411725548,14.1075,15.355555555555599,15.435555555555599,13.854166666666698,1485.0,1484.9888888888902,1485.075,1485.13333333333,62.0,62.0,63.0,63.0,61.0,61.0,61.0,61.0,3535.8333333333294,3029.19444444444,3461.52777777778,3428.77777777778,3219.77777777778,3443.52777777778,3484.75,2540.8333333333303,15.6,15.6,10.5,10.5,17.4,17.4,17.5,17.5,86.57444444444451,85.6383333333334,106.96,105.618055555556,106.68666666666701,105.342777777778,86.4422222222222,85.5266666666667,3
98,1.09962366819251,1.00473093405135,1.00659530452277,14.0702777777778,15.3672222222222,15.394444444444401,13.904444444444401,1485.2611111111098,1485.24444444445,1485.33333333333,1485.3777777777802,62.0,62.0,63.0,63.0,61.0,61.0,61.0,61.0,3561.8611111111104,3018.22222222222,3427.4166666666697,3421.44444444444,3200.6388888888896,3433.1111111111104,3482.4166666666697,2555.4166666666697,15.6,15.6,10.5,10.5,17.4,17.4,17.5,17.5,86.55638888888892,85.6261111111111,106.939166666667,105.60027777777799,106.667777777778,105.325,86.4291666666667,85.5094444444445,3
99,1.09835887080809,1.00566714287066,1.00906954263728,14.139722222222199,15.386944444444401,15.436666666666698,13.9236111111111,1485.475,1485.48611111111,1485.5861111111099,1485.63333333333,62.0,62.0,63.0,63.0,61.0,61.0,61.0,61.0,3594.0,3039.72222222222,3458.8888888888896,3432.72222222222,3203.52777777778,3437.5,3488.3333333333303,2558.6666666666697,15.6,15.6,10.5,10.5,17.4,17.4,17.5,17.5,86.5466666666667,85.61,106.922222222222,105.584166666667,106.64972222222201,105.308333333333,86.41722222222229,85.49444444444441,3
100,1.10206313696247,1.00703456525247,1.01441625139351,14.1252777777778,15.340833333333302,15.448055555555598,13.8122222222222,1485.7166666666699,1485.70555555556,1485.7805555555599,1485.80555555556,62.0,62.0,63.0,63.0,61.0,61.0,61.0,61.0,3563.9722222222204,3028.30555555556,3434.19444444444,3414.3888888888896,3192.94444444444,3442.3888888888896,3476.5,2559.05555555556,15.6,15.6,10.5,10.5,17.4,17.4,17.5,17.5,86.53277777777781,85.5994444444444,106.9075,105.56777777777799,106.639722222222,105.29194444444401,86.4016666666667,85.4883333333333,3
101,1.10058002105556,1.00672707433939,1.00987361018721,14.105555555555599,15.3677777777778,15.4136111111111,13.8627777777778,1485.90277777778,1485.8861111111098,1485.9833333333302,1485.9972222222198,62.0,62.0,63.0,63.0,61.0,61.0,61.0,61.0,3599.0833333333294,3022.02777777778,3448.02777777778,3432.05555555556,3216.8611111111104,3440.1666666666697,3475.80555555556,2562.1111111111104,15.6,15.6,10.5,10.5,17.4,17.4,17.5,17.5,86.52,85.5866666666667,106.89305555555599,105.554722222222,106.622777777778,105.28138888888901,86.39138888888891,85.4752777777777,3
102,1.10364134495642,1.0092013740210999,1.01054054826086,14.085,15.376111111111099,15.395555555555598,13.796944444444401,1486.13333333333,1486.10555555555,1486.175,1486.25,62.0,62.0,63.0,63.0,61.0,61.0,61.0,61.0,3565.7222222222204,3025.4166666666697,3427.22222222222,3431.3333333333303,3196.1111111111104,3427.6666666666697,3476.94444444444,2560.75,15.6,15.6,10.5,10.5,17.4,17.4,17.5,17.5,86.5077777777778,85.5780555555556,106.879166666667,105.539166666667,106.60611111111099,105.26416666666701,86.3766666666667,85.4647222222222,3
103,1.10133474782684,1.01061681081361,1.01115842476611,12.9761111111111,14.126666666666699,14.133888888888901,12.684166666666698,1486.0027777777802,1486.01388888889,1486.0916666666699,1486.13888888889,62.0,62.0,63.0,63.0,61.0,61.0,61.0,61.0,3458.5,2980.47222222222,3483.77777777778,3473.44444444444,3234.1388888888896,3463.6666666666697,3492.19444444444,2623.69444444444,15.2,15.2,10.5,10.5,17.4,17.4,17.5,17.5,86.4758333333333,85.6208333333333,106.831111111111,105.601944444444,106.55861111111099,105.329166666667,86.3472222222222,85.50805555555559,3
104,1.09821566736898,1.00919857291038,1.00933599316044,11.780833333333302,12.813055555555598,12.8147222222222,11.555,1485.08888888889,1485.08888888889,1485.18055555556,1485.20833333333,62.0,62.0,63.0,63.0,61.0,61.0,61.0,61.0,3461.8888888888896,3034.6111111111104,3511.6111111111104,3503.9166666666697,3292.02777777778,3475.25,3489.19444444444,2694.1111111111104,15.1,15.1,10.5,10.5,17.4,17.4,17.5,17.5,86.49194444444441,85.7111111111111,106.84,105.723333333333,106.569444444444,105.44944444444401,86.36138888888891,85.6008333333333,3
105,1.10126601266013,1.00815688748083,1.00928024326573,9.343611111111109,10.1913888888889,10.202222222222199,9.17472222222222,1484.825,1484.8416666666699,1484.95,1484.9611111111099,62.0,62.0,63.0,63.0,61.0,61.0,61.0,61.0,3541.05555555556,3156.5,3577.0,3572.6388888888896,3368.6388888888896,3509.4166666666697,3512.72222222222,2848.8611111111104,15.1,15.1,10.5,10.5,17.4,17.4,17.5,17.5,86.42638888888891,85.80861111111109,106.74444444444401,105.85472222222201,106.47055555555599,105.58055555555599,86.29805555555559,85.69138888888891,3
106,1.10010811603233,1.00807751611999,1.0090631793001898,7.6472222222222195,8.33416666666667,8.34194444444444,7.51138888888889,1484.88055555556,1484.90277777778,1484.99166666667,1485.0027777777802,62.0,62.0,63.0,63.0,61.0,61.0,61.0,61.0,3577.0833333333294,3262.1111111111104,3426.80555555556,3441.69444444444,3416.25,3562.30555555556,3490.69444444444,2935.1666666666697,15.1,15.1,10.0,10.0,17.4,17.4,17.5,17.5,86.3680555555555,85.8594444444444,106.65805555555599,105.93194444444401,106.38472222222201,105.65861111111099,86.2402777777777,85.7449999999999,3
107,1.1047783323546698,1.01002365723298,1.01206869331836,7.656388888888889,8.35388888888889,8.37,7.4813888888888895,1484.8583333333302,1484.88055555556,1484.97222222222,1484.9777777777801,62.0,62.0,63.0,63.0,61.0,61.0,61.0,61.0,3573.25,3245.1666666666697,3435.30555555556,3437.5833333333303,3407.52777777778,3558.55555555556,3488.44444444444,2938.19444444444,15.1,15.1,10.0,10.0,17.4,17.4,17.5,17.5,86.3697222222222,85.8622222222222,106.659444444444,105.933333333333,106.38861111111099,105.65861111111099,86.2422222222222,85.7455555555555,3
108,1.1037034310116298,1.00907061367272,1.01416914861745,7.63722222222222,8.30805555555555,8.34805555555555,7.45388888888889,1484.7666666666698,1484.79444444444,1484.88055555556,1484.89444444445,62.0,62.0,63.0,63.0,61.0,61.0,61.0,61.0,3570.6666666666706,3262.8611111111104,3458.1666666666697,3411.1111111111104,3399.19444444444,3557.55555555556,3490.75,2948.9166666666697,15.1,15.1,10.0,10.0,17.4,17.4,17.5,17.5,86.37388888888891,85.8675,106.66722222222201,105.940277777778,106.395,105.666388888889,86.24722222222219,85.7513888888889,3
109,1.10175881696224,1.00513339851935,1.0101524619720301,7.64944444444445,8.341111111111111,8.38083333333334,7.528055555555559,1484.67222222222,1484.69166666667,1484.77777777778,1484.7722222222199,62.0,62.0,63.0,63.0,61.0,61.0,61.0,61.0,3546.5277777777796,3242.94444444444,3466.27777777778,3443.05555555556,3415.5833333333303,3529.7222222222204,3521.44444444444,2953.3333333333303,15.1,15.1,10.0,10.0,17.4,17.4,17.5,17.5,86.3802777777778,85.8727777777778,106.675,105.945555555556,106.40222222222201,105.672777777778,86.25305555555559,85.75750000000009,3
110,1.10530376793489,1.0087291849255,1.00982128764096,7.633611111111111,8.35194444444445,8.360555555555559,7.48666666666667,1484.5916666666699,1484.61944444444,1484.7055555555498,1484.70833333333,62.0,62.0,63.0,63.0,61.0,61.0,61.0,61.0,3541.6111111111104,3231.47222222222,3453.8333333333303,3456.1111111111104,3428.5,3522.0833333333294,3511.3611111111104,2950.75,15.1,15.1,10.0,10.0,17.4,17.4,17.5,17.5,86.3833333333334,85.8775,106.679444444444,105.95111111111099,106.40694444444401,105.676944444444,86.2577777777778,85.7613888888889,3
111,1.09882284019552,1.00911289474607,1.0127460102880999,7.67305555555555,8.32194444444445,8.350555555555559,7.5,1484.56388888889,1484.5944444444401,1484.675,1484.6972222222198,62.0,62.0,63.0,63.0,61.0,61.0,61.0,61.0,3548.25,3225.02777777778,3440.97222222222,3456.52777777778,3427.75,3534.44444444444,3507.6666666666697,2950.52777777778,15.1,15.1,10.0,10.0,17.4,17.4,17.5,17.5,86.3875,85.8777777777778,106.680555555556,105.95361111111099,106.409166666667,105.680833333333,86.25805555555559,85.7616666666667,3
112,1.1075729902856102,1.0061477991383,1.0081210592686,5.286388888888889,5.80611111111111,5.8169444444444505,5.20777777777778,1484.5,1484.52777777778,1484.60555555555,1484.6083333333302,62.0,62.0,63.0,63.0,61.0,61.0,61.0,61.0,3573.2777777777796,3355.1666666666697,3495.97222222222,3463.8333333333303,3448.97222222222,3552.2222222222204,3469.97222222222,3081.72222222222,15.1,15.1,10.0,10.0,17.4,17.4,17.5,17.5,86.3102777777778,85.9602777777778,106.575833333333,106.069722222222,106.301111111111,105.793888888889,86.18611111111109,85.84194444444451,3
113,1.10527524301155,1.0034719412117,1.00597206015817,16.4125,18.029444444444398,18.072222222222198,16.2505555555556,1483.82777777778,1483.2388888888902,1483.2833333333301,1483.43333333333,61.02777777777779,61.02777777777779,63.0,63.0,61.0,61.0,61.0,61.0,3531.0833333333294,3068.3611111111104,3288.44444444444,3288.1111111111104,3033.55555555556,3313.3611111111104,3546.6388888888896,2584.80555555556,16.3694444444444,16.3694444444444,10.4,10.4,17.3,17.3,18.419444444444398,18.419444444444398,86.72055555555549,85.6277777777778,107.20305555555599,105.62444444444401,106.931388888889,105.351944444444,86.6216666666667,85.5430555555556,3
114,1.1029967727063201,1.00346105869745,1.0102774741741,15.170833333333302,16.560277777777802,16.6675,14.954166666666698,1484.3638888888902,1483.81111111111,1483.8777777777802,1483.925,62.0,62.0,63.0,63.0,61.0,61.0,61.0,61.0,3471.3611111111104,2916.27777777778,3340.72222222222,3335.77777777778,3097.3333333333303,3348.3333333333303,3617.0833333333294,2588.3333333333303,15.5,15.5,10.4,10.4,17.3,17.3,18.0,18.0,86.64611111111108,85.6419444444444,107.0975,105.648611111111,106.82861111111099,105.372777777778,86.54888888888891,85.5602777777778,3
115,1.1067951510088798,1.00326228795129,1.00732423725602,14.043888888888901,15.428055555555598,15.4875,13.8886111111111,1484.76944444445,1484.2527777777802,1484.31666666667,1484.3861111111098,62.0,62.0,63.0,63.0,61.0,61.0,61.0,61.0,3516.97222222222,3017.0,3405.25,3381.94444444444,3150.02777777778,3366.3333333333303,3643.1388888888896,2664.1111111111104,15.5,15.5,10.4,10.4,17.3,17.3,18.0,18.0,86.5861111111111,85.6566666666667,107.01555555555599,105.668333333333,106.74444444444401,105.3925,86.49,85.5675,3
116,1.10809548881891,0.998314358090611,1.0083760020443102,14.0297222222222,15.418055555555599,15.565833333333302,13.931666666666699,1485.0944444444401,1484.56388888889,1484.6361111111098,1484.66666666667,62.0,62.0,63.0,63.0,61.0,61.0,61.0,61.0,3492.47222222222,2996.52777777778,3383.1388888888896,3378.1388888888896,3161.6111111111104,3360.5,3623.6111111111104,2665.19444444444,15.5,15.5,10.4,10.4,17.3,17.3,18.0,18.0,86.5666666666667,85.63694444444451,106.992777777778,105.647222222222,106.72527777777799,105.366944444444,86.4719444444444,85.5491666666667,3
117,1.10510364772649,1.002336338543,1.00696857531349,14.091666666666699,15.463055555555599,15.5311111111111,13.9547222222222,1485.40277777778,1484.90277777778,1484.9777777777801,1485.00833333333,62.0,62.0,63.0,63.0,61.0,61.0,61.0,61.0,3540.8611111111104,3020.5,3392.6388888888896,3374.8333333333303,3145.1111111111104,3376.05555555556,3635.25,2638.19444444444,15.6,15.6,10.4,10.4,17.3,17.3,18.0,18.0,86.54888888888891,85.61777777777779,106.97,105.623055555556,106.69972222222201,105.345277777778,86.45527777777781,85.5288888888889,3
118,1.10452775217766,1.00400101912751,1.00818897042136,14.105,15.4497222222222,15.5111111111111,13.925833333333301,1485.68333333333,1485.18333333333,1485.24166666667,1485.28611111111,62.0,62.0,63.0,63.0,61.0,61.0,61.0,61.0,3528.4166666666706,2992.22222222222,3373.52777777778,3369.8611111111104,3128.3888888888896,3371.8333333333303,3599.8888888888896,2666.4166666666697,15.6,15.6,10.4,10.4,17.3,17.3,18.0,18.0,86.53305555555559,85.6005555555555,106.9475,105.601666666667,106.678888888889,105.32694444444401,86.4375,85.515,3
119,1.10885821682146,1.00741168452539,1.01150537328439,14.105555555555599,15.4575,15.5172222222222,13.828333333333301,1485.95833333333,1485.4472222222198,1485.4972222222198,1485.54444444444,62.0,62.0,63.0,63.0,61.0,61.0,61.0,61.0,3510.1111111111104,3007.6388888888896,3392.44444444444,3387.69444444444,3135.5,3358.9166666666697,3631.9166666666706,2670.0833333333303,15.6,15.6,10.4,10.4,17.3,17.3,18.0,18.0,86.515,85.58694444444441,106.929444444444,105.583611111111,106.66,105.308888888889,86.4177777777778,85.5033333333334,3
120,1.1084784555677198,0.9998772971391361,1.00842685978616,14.0177777777778,15.408333333333301,15.5336111111111,13.8961111111111,1486.20277777778,1485.69444444444,1485.775,1485.7722222222199,62.0,62.0,63.0,63.0,61.0,61.0,61.0,61.0,3528.0,2991.05555555556,3366.1666666666697,3371.3611111111104,3128.3333333333303,3382.69444444444,3611.0833333333294,2666.19444444444,15.6,15.6,10.4,10.4,17.3,17.3,18.0,18.0,86.50166666666661,85.57083333333341,106.909722222222,105.566944444444,106.642777777778,105.290833333333,86.40611111111109,85.4855555555555,3
121,1.1097351145791101,1.0057408989560102,1.01215611673217,12.792222222222199,14.0213888888889,14.106388888888901,12.5541666666667,1486.4138888888901,1485.9,1485.9888888888902,1486.00833333333,62.0,62.0,63.0,63.0,61.0,61.0,61.0,61.0,3553.6111111111104,3074.1666666666697,3427.6388888888896,3428.1388888888896,3161.22222222222,3379.6666666666697,3657.6388888888896,2755.0,15.6,15.6,10.4,10.4,17.3,17.3,18.0,18.0,86.4477777777778,85.60166666666659,106.834444444444,105.613333333333,106.56361111111099,105.335555555556,86.3508333333333,85.51888888888891,3
122,1.1100559261343899,1.0042315042315,1.0092825945650101,11.68,12.843333333333302,12.9047222222222,11.5152777777778,1485.72222222222,1485.24166666667,1485.29444444444,1485.2888888888901,62.0,62.0,63.0,63.0,61.0,61.0,61.0,61.0,3601.3611111111104,3140.5,3452.05555555556,3440.1666666666697,3216.69444444444,3411.1666666666697,3688.8611111111104,2809.3611111111104,15.6,15.6,10.4,10.4,17.3,17.3,18.0,18.0,86.4519444444445,85.6775,106.83055555555599,105.711388888889,106.560555555556,105.43833333333299,86.35611111111109,85.5941666666667,3
123,1.10664426636535,1.0025297492863001,1.00974412799274,9.401944444444439,10.3027777777778,10.373333333333301,9.281666666666661,1485.06111111111,1484.55833333333,1484.6416666666698,1484.6416666666698,62.0,62.0,63.0,63.0,61.0,61.0,61.0,61.0,3659.6111111111104,3278.52777777778,3524.0,3516.0833333333303,3289.6388888888896,3450.3888888888896,3665.8611111111104,2955.6666666666697,15.6,15.6,10.4,10.4,17.3,17.3,18.0,18.0,86.41444444444441,85.7925,106.769444444444,105.87,106.49916666666701,105.59305555555599,86.32,85.70555555555549,3
124,1.10173314993122,0.9984130859375,1.00351410888493,7.5805555555555495,8.323055555555559,8.36361111111111,7.56527777777778,1485.0333333333301,1484.55555555555,1484.63333333333,1484.6222222222198,62.0,62.0,63.0,63.0,61.0,61.0,61.0,61.0,3529.8611111111104,3229.0,3567.8888888888896,3573.6388888888896,3363.52777777778,3454.30555555556,3675.9722222222204,3095.55555555556,15.183333333333302,15.183333333333302,10.4,10.4,17.3,17.3,18.0,18.0,86.35527777777772,85.8541666666666,106.684166666667,105.95638888888901,106.411666666667,105.68194444444401,86.26388888888891,85.7638888888889,3
125,1.11319603638246,1.0033474709944301,1.00852207833284,7.55972222222222,8.34277777777778,8.38361111111111,7.46583333333333,1485.08333333333,1484.6083333333302,1484.68888888889,1484.675,62.0,62.0,63.0,63.0,61.0,61.0,61.0,61.0,3512.97222222222,3197.75,3577.3333333333294,3559.80555555556,3357.05555555556,3475.5,3680.5,3094.6388888888896,15.1,15.1,10.4,10.4,17.3,17.3,18.0,18.0,86.3522222222222,85.85194444444441,106.679722222222,105.95138888888901,106.409166666667,105.676666666667,86.2583333333334,85.7616666666667,3
126,1.1104766128883201,1.00650092242818,1.01105906385377,7.5847222222222195,8.327777777777781,8.36361111111111,7.446111111111111,1485.0527777777802,1484.57777777778,1484.6583333333301,1484.6416666666698,62.0,62.0,63.0,63.0,61.0,61.0,61.0,61.0,3520.55555555556,3209.4166666666697,3572.6666666666706,3563.0,3356.94444444444,3471.1666666666697,3662.25,3087.6111111111104,15.1,15.1,10.4,10.4,17.3,17.3,18.0,18.0,86.3555555555555,85.85222222222221,106.680555555556,105.95305555555599,106.41138888888901,105.679444444444,86.26,85.7661111111111,3
127,1.10949834009591,1.00103220840113,1.00767070387923,7.565,8.328888888888889,8.381388888888889,7.4961111111111105,1484.95,1484.48055555556,1484.52777777778,1484.5527777777802,62.0,62.0,63.0,63.0,61.0,61.0,61.0,61.0,3497.05555555556,3199.55555555556,3541.9166666666706,3565.6666666666706,3362.8888888888896,3464.72222222222,3650.2777777777796,3080.47222222222,15.1,15.1,10.4,10.4,17.3,17.3,18.0,18.0,86.3608333333333,85.8583333333333,106.68861111111099,105.96222222222201,106.418888888889,105.68694444444401,86.2675,85.7686111111111,3
128,1.1064871931795202,1.00229289552448,1.00488967559894,7.571111111111111,8.33555555555555,8.35611111111111,7.51416666666666,1484.8361111111099,1484.33888888889,1484.4138888888901,1484.4138888888901,62.0,62.0,63.0,63.0,61.0,61.0,61.0,61.0,3527.6388888888896,3224.9166666666697,3552.55555555556,3542.5277777777796,3335.72222222222,3486.0833333333303,3644.1388888888896,3079.8611111111104,15.1,15.1,10.4,10.4,17.3,17.3,18.0,18.0,86.3672222222222,85.86666666666659,106.698888888889,105.970555555555,106.42805555555599,105.69694444444401,86.27361111111121,85.7786111111112,3
129,1.10890742039039,1.008557371288,1.00859266548349,7.5958333333333306,8.34777777777778,8.34805555555556,7.4602777777777805,1484.7388888888902,1484.2611111111098,1484.3416666666699,1484.31944444445,62.0,62.0,63.0,63.0,61.0,61.0,61.0,61.0,3539.9722222222204,3219.47222222222,3578.6666666666706,3536.05555555556,3337.02777777778,3480.19444444444,3641.6111111111104,3061.77777777778,15.1,15.1,10.4,10.4,17.3,17.3,18.0,18.0,86.3755555555556,85.8688888888889,106.70583333333299,105.97722222222201,106.432777777778,105.7025,86.27944444444451,85.7833333333334,3
130,1.11455401530894,1.0100767634335999,1.0135003130870401,5.34555555555556,5.875555555555549,5.89444444444444,5.214722222222219,1484.64444444444,1484.18611111111,1484.25555555556,1484.2333333333302,62.0,62.0,63.0,63.0,61.0,61.0,61.0,61.0,3534.5277777777796,3288.80555555556,3576.7777777777796,3604.1666666666706,3398.55555555556,3491.5,3597.4722222222204,3213.0,15.1,15.1,10.4,10.4,17.3,17.3,18.0,18.0,86.30305555555559,85.9505555555555,106.60222222222201,106.09111111111099,106.331111111111,105.817222222222,86.2094444444445,85.8627777777778,3
131,1.10437058183795,0.9929832466968159,1.00138987652725,16.2980555555556,17.9802777777778,18.1252777777778,16.3952777777778,1484.8027777777802,1484.66944444444,1484.70833333333,1484.5944444444401,61.9444444444444,61.9444444444444,63.0,63.0,61.0,61.0,61.0,61.0,3426.55555555556,2910.6666666666697,3097.97222222222,3113.02777777778,3002.30555555556,3290.8333333333303,3635.8333333333294,2575.3611111111104,15.7388888888889,15.7388888888889,10.0,10.0,17.1,17.1,18.35,18.35,86.6558333333333,85.5780555555555,107.09388888888901,105.526666666667,106.832222222222,105.25055555555599,86.5583333333334,85.4713888888889,4
132,1.09932547759654,0.985891535784902,0.9940352337356091,15.0552777777778,16.662222222222198,16.7936111111111,15.377777777777801,1484.825,1484.6777777777802,1484.7194444444401,1484.6027777777801,62.0,62.0,63.0,63.0,61.0,61.0,61.0,61.0,3508.8611111111104,2965.05555555556,3149.72222222222,3166.8333333333303,3070.6666666666697,3338.80555555556,3608.25,2598.3888888888896,15.7222222222222,15.7222222222222,10.0,10.0,17.1,17.1,18.1,18.1,86.61888888888892,85.61416666666659,107.036666666667,105.585833333333,106.77472222222201,105.306388888889,86.51888888888891,85.5116666666667,4
133,1.10720579889081,0.9928903704540759,1.00379677321618,13.9244444444444,15.364166666666698,15.524722222222199,13.973611111111099,1484.6472222222199,1484.55555555556,1484.5944444444401,1484.45,62.0,62.0,63.0,63.0,61.0,61.0,61.0,61.0,3396.0833333333303,2896.94444444444,3197.0833333333303,3203.80555555556,3114.4166666666697,3351.47222222222,3672.25,2692.1666666666697,15.3,15.3,10.0,10.0,17.1,17.1,18.1,18.1,86.5872222222222,85.66472222222221,106.990555555555,105.64777777777799,106.728611111111,105.37194444444401,86.48861111111108,85.5566666666667,4
134,1.10564888827181,0.992184054720996,0.999256120527309,13.9413888888889,15.431944444444401,15.536666666666699,14.068055555555599,1484.53611111111,1484.43333333333,1484.45833333333,1484.32777777778,62.0,62.0,63.0,63.0,61.0,61.0,61.0,61.0,3577.9722222222204,3077.3333333333303,3189.8611111111104,3194.27777777778,3122.97222222222,3343.1111111111104,3646.8888888888896,2684.8888888888896,15.8,15.8,10.0,10.0,17.1,17.1,18.1,18.1,86.5941666666667,85.6702777777778,107.00083333333299,105.65638888888901,106.7375,105.381666666667,86.4980555555556,85.5638888888889,4
135,1.10690642333154,0.9877616475354491,0.9994811663380779,13.8780555555556,15.3794444444444,15.553055555555598,14.0669444444444,1484.78611111111,1484.67222222222,1484.7111111111099,1484.56388888889,62.0,62.0,63.0,63.0,61.0,61.0,61.0,61.0,3405.47222222222,2917.72222222222,3183.44444444444,3199.55555555556,3113.5833333333303,3358.6111111111104,3641.3888888888896,2681.77777777778,15.3,15.3,10.0,10.0,17.1,17.1,18.1,18.1,86.57888888888891,85.6552777777778,106.98194444444401,105.641666666667,106.71888888888901,105.36277777777799,86.48083333333331,85.5533333333333,4
136,1.1093871063871998,0.991036435576723,1.0005652591713299,13.9197222222222,15.440833333333302,15.581944444444401,14.0441666666667,1484.7166666666699,1484.60555555555,1484.6472222222199,1484.5,62.0,62.0,63.0,63.0,61.0,61.0,61.0,61.0,3419.6666666666697,2919.0,3203.8888888888896,3201.3333333333303,3122.5833333333303,3361.44444444444,3634.7222222222204,2676.5,15.3,15.3,10.0,10.0,17.1,17.1,18.1,18.1,86.585,85.6594444444445,106.98805555555599,105.64194444444401,106.72388888888901,105.3675,86.4872222222222,85.55472222222221,4
137,1.10210516921673,0.995904456140022,1.00530672090053,14.0152777777778,15.3675,15.505833333333301,13.9977777777778,1484.58333333333,1484.48055555556,1484.50833333333,1484.35,62.0,62.0,63.0,63.0,61.0,61.0,61.0,61.0,3421.05555555556,2938.6666666666697,3199.27777777778,3190.44444444444,3117.44444444444,3351.0833333333303,3641.3333333333294,2674.97222222222,15.3,15.3,10.0,10.0,17.1,17.1,18.1,18.1,86.59555555555549,85.6675,106.99472222222201,105.655277777778,106.7325,105.37805555555599,86.4925,85.5683333333333,4
138,1.1016087305599298,0.988268722219097,1.00083987618904,13.9313888888889,15.342777777777801,15.5288888888889,14.092777777777801,1484.475,1484.3583333333302,1484.40277777778,1484.2388888888902,62.0,62.0,63.0,63.0,61.0,61.0,61.0,61.0,3429.6388888888896,2933.6666666666697,3186.30555555556,3188.52777777778,3121.3888888888896,3359.3611111111104,3644.2777777777796,2677.1388888888896,15.3,15.3,10.0,10.0,17.1,17.1,18.1,18.1,86.5972222222222,85.6769444444445,107.0025,105.6625,106.741944444444,105.385555555556,86.49972222222219,85.5713888888889,4
139,1.1054629710208,0.992597930714982,1.00442202936973,12.7475,14.0347222222222,14.1938888888889,12.788055555555598,1484.55,1484.425,1484.475,1484.31388888889,62.0,62.0,63.0,63.0,61.0,61.0,61.0,61.0,3466.0833333333303,2985.97222222222,3226.6111111111104,3235.25,3171.0,3365.30555555556,3655.9166666666706,2757.47222222222,15.4,15.4,10.0,10.0,17.1,17.1,18.1,18.1,86.5583333333334,85.7072222222222,106.941944444444,105.71611111111099,106.67777777777799,105.43888888888901,86.45527777777781,85.6077777777778,4
140,1.1029117898943799,0.990116730641511,1.0021063359945699,11.6286111111111,12.804444444444401,12.952222222222199,11.7247222222222,1484.30833333333,1484.21388888889,1484.26388888889,1484.08333333333,62.0,62.0,63.0,63.0,61.0,61.0,61.0,61.0,3508.47222222222,3080.3888888888896,3261.30555555556,3259.0,3198.6666666666697,3396.4166666666697,3663.8611111111104,2816.1666666666697,15.4,15.4,10.0,10.0,17.1,17.1,18.1,18.1,86.5316666666667,85.7616666666667,106.900833333333,105.784722222222,106.63861111111099,105.509166666667,86.4325,85.6561111111111,4
141,1.1042904585325202,0.9991369675018759,1.01269140374617,9.38388888888889,10.2327777777778,10.365,9.26861111111111,1484.5527777777802,1484.47222222222,1484.5222222222199,1484.325,62.0,62.0,63.0,63.0,61.0,61.0,61.0,61.0,3585.5277777777796,3206.9166666666697,3336.94444444444,3324.22222222222,3256.6388888888896,3421.6388888888896,3657.9166666666706,2966.47222222222,15.4,15.4,10.0,10.0,17.1,17.1,18.1,18.1,86.44111111111108,85.82222222222221,106.771388888889,105.87888888888901,106.506944444445,105.6025,86.3383333333333,85.7222222222222,4
142,1.1093139783361599,0.997941022509161,1.00683538979249,7.55833333333333,8.32833333333333,8.398888888888889,7.52055555555555,1484.1361111111098,1484.0722222222198,1484.10555555555,1483.9055555555599,62.0,62.0,63.0,63.0,61.0,61.0,61.0,61.0,3602.5,3304.3888888888896,3366.44444444444,3364.27777777778,3314.4166666666697,3452.6388888888896,3636.8888888888896,3061.8888888888896,15.4,15.4,10.0,10.0,17.1,17.1,18.1,18.1,86.40638888888891,85.9058333333333,106.717222222222,105.991388888889,106.45111111111099,105.717222222222,86.3038888888889,85.80527777777779,4
143,1.1106338261863502,0.9956943137049821,1.0061506650078,7.54083333333333,8.32555555555556,8.40861111111111,7.5263888888888895,1484.11111111111,1484.0333333333301,1484.1,1483.9055555555599,62.0,62.0,63.0,63.0,61.0,61.0,61.0,61.0,3592.5833333333294,3290.1111111111104,3352.3333333333303,3363.94444444444,3312.44444444444,3447.4166666666697,3629.0277777777796,3078.55555555556,15.4,15.4,10.0,10.0,17.1,17.1,18.1,18.1,86.40777777777781,85.90722222222219,106.71944444444401,105.991666666667,106.4525,105.717222222222,86.3044444444445,85.80694444444441,4
144,1.10550888737753,0.99265882680398,1.00553269718988,7.548611111111111,8.301944444444441,8.40444444444445,7.56333333333333,1484.0722222222198,1484.0027777777802,1484.05,1483.84722222222,62.0,62.0,63.0,63.0,61.0,61.0,61.0,61.0,3597.2777777777796,3283.94444444444,3350.3333333333303,3361.5833333333303,3327.6111111111104,3436.6666666666697,3635.7777777777796,3073.0,15.4,15.4,10.0,10.0,17.1,17.1,18.1,18.1,86.41027777777781,85.90916666666669,106.721944444444,105.996666666667,106.45444444444401,105.721944444444,86.30888888888892,85.80861111111109,4
145,1.10314361653377,0.9921693231933871,1.00036612155236,7.54722222222222,8.32583333333333,8.391388888888889,7.6069444444444505,1484.01388888889,1483.97222222222,1484.0027777777802,1483.80555555556,62.0,62.0,63.0,63.0,61.0,61.0,61.0,61.0,3586.3888888888896,3290.97222222222,3344.1111111111104,3359.8611111111104,3326.55555555556,3432.72222222222,3651.4722222222204,3079.25,15.4,15.4,10.0,10.0,17.1,17.1,18.1,18.1,86.4138888888889,85.91305555555559,106.725833333333,105.99861111111099,106.45777777777799,105.725,86.31277777777781,85.8105555555556,4
146,1.10982680237802,0.996429628855566,1.00480962624832,7.55083333333333,8.34138888888889,8.40805555555555,7.54111111111111,1484.00833333333,1483.91666666667,1483.99166666667,1483.79444444444,62.0,62.0,63.0,63.0,61.0,61.0,61.0,61.0,3593.30555555556,3284.0833333333303,3334.8888888888896,3362.6666666666697,3331.1666666666697,3431.6388888888896,3640.19444444444,3068.44444444444,15.4,15.4,10.0,10.0,17.1,17.1,18.1,18.1,86.41305555555559,85.9119444444445,106.727777777778,105.99944444444401,106.460555555556,105.725833333333,86.31222222222219,85.8119444444445,4
147,1.10978621452267,0.9947898515369069,1.00643238979932,7.54083333333333,8.31722222222222,8.40972222222222,7.531388888888889,1484.025,1483.9777777777801,1484.0,1483.80555555556,62.0,62.0,63.0,63.0,61.0,61.0,61.0,61.0,3597.1666666666706,3290.25,3340.8333333333303,3367.97222222222,3329.72222222222,3435.75,3649.44444444444,3076.55555555556,15.4,15.4,10.0,10.0,17.1,17.1,18.1,18.1,86.4119444444444,85.91027777777781,106.724444444444,105.99916666666701,106.458888888889,105.724444444444,86.31138888888891,85.8102777777778,4
148,1.10819285108267,0.9963671295083399,1.0045597236105999,7.53388888888889,8.3125,8.3775,7.52666666666667,1484.0805555555498,1483.9972222222198,1484.0333333333301,1483.8444444444501,62.0,62.0,63.0,63.0,61.0,61.0,61.0,61.0,3597.0833333333294,3290.0833333333303,3345.1111111111104,3367.8888888888896,3327.0,3440.19444444444,3626.8611111111104,3066.0,15.4,15.4,10.0,10.0,17.1,17.1,18.1,18.1,86.40916666666669,85.9097222222222,106.723055555555,105.995555555556,106.456111111111,105.721944444444,86.3066666666667,85.8108333333333,4
149,1.10400551022571,0.9932239120614371,1.00439127801333,5.236111111111111,5.75722222222222,5.81888888888889,5.249444444444441,1484.1027777777801,1484.06666666667,1484.1027777777801,1483.9,62.0,62.0,63.0,63.0,61.0,61.0,61.0,61.0,3615.8611111111104,3379.05555555556,3371.0833333333303,3361.27777777778,3381.72222222222,3473.94444444444,3602.0833333333294,3207.3333333333303,15.4,15.4,10.0,10.0,17.1,17.1,18.1,18.1,86.33305555555549,85.98277777777781,106.60694444444401,106.102777777778,106.34,105.83055555555599,86.22944444444441,85.8825,4
150,1.10685040413409,0.993130766145207,1.0034271602449398,5.2313888888888895,5.7725,5.829444444444441,5.250555555555559,1484.10555555555,1484.0305555555599,1484.1,1483.8972222222199,62.0,62.0,63.0,63.0,61.0,61.0,61.0,61.0,3602.5,3392.9166666666697,3382.80555555556,3359.77777777778,3386.9166666666697,3476.80555555556,3598.8611111111104,3207.1388888888896,15.4,15.4,10.0,10.0,17.1,17.1,18.1,18.1,86.33138888888891,85.9855555555555,106.608333333333,106.103333333333,106.33944444444401,105.831111111111,86.2291666666666,85.8819444444445,4
151,1.10612428026621,0.9944765465669579,1.0027304919151898,9.27305555555556,10.2319444444444,10.3127777777778,9.30055555555556,1484.0944444444401,1484.0111111111098,1484.05555555555,1483.8638888888902,62.0,62.0,63.0,63.0,61.0,61.0,61.0,61.0,3576.5833333333294,3201.1111111111104,3323.8611111111104,3302.30555555556,3242.4166666666697,3425.94444444444,3636.44444444444,2964.4166666666697,15.4,15.4,10.0,10.0,17.1,17.1,18.1,18.1,86.4666666666666,85.8511111111111,106.804166666667,105.913611111111,106.538888888889,105.6375,86.3652777777777,85.7505555555556,4
152,1.10304204657576,0.9966817904787691,1.00380576981888,11.686388888888901,12.8436111111111,12.9311111111111,11.680555555555598,1484.0527777777802,1483.98611111111,1484.0333333333301,1483.85555555556,62.0,62.0,63.0,63.0,61.0,61.0,61.0,61.0,3470.69444444444,3091.47222222222,3249.52777777778,3263.6388888888896,3181.0,3404.94444444444,3662.5277777777796,2810.1111111111104,15.4,15.4,10.0,10.0,17.1,17.1,18.1,18.1,86.54805555555559,85.7741666666667,106.92111111111099,105.799444444444,106.654722222222,105.52444444444401,86.4452777777778,85.6711111111111,4
153,1.11091466675397,0.995059308922127,1.0078582402524698,12.7455555555556,14.051944444444402,14.223611111111099,12.706944444444401,1484.11666666667,1484.0222222222199,1484.05833333333,1483.8972222222199,62.0,62.0,63.0,63.0,61.0,61.0,61.0,61.0,3448.3611111111104,3002.30555555556,3217.72222222222,3240.02777777778,3159.8888888888896,3371.6111111111104,3652.6666666666706,2735.8333333333303,15.4,15.4,10.0,10.0,17.1,17.1,18.1,18.1,86.58055555555549,85.7358333333333,106.96833333333299,105.745833333333,106.70777777777799,105.467777777778,86.4763888888889,85.6338888888889,4
154,1.1029311001142,0.9905698255005899,1.00329472222798,12.7286111111111,13.998888888888901,14.1702777777778,12.811666666666698,1483.9888888888902,1483.90277777778,1483.9277777777802,1483.7888888888901,62.0,62.0,63.0,63.0,61.0,61.0,61.0,61.0,3439.47222222222,2987.72222222222,3218.75,3226.55555555556,3168.1111111111104,3373.6111111111104,3648.1111111111104,2741.8333333333303,15.3,15.3,10.0,10.0,17.1,17.1,18.1,18.1,86.58638888888892,85.74166666666659,106.978611111111,105.755,106.715555555556,105.48,86.48527777777781,85.6372222222222,4
155,0.0,0.0,0.0,0.0,0.0,0.0,5.25833333333333,2675.1,0.0,0.0,1483.43888888889,61.1944444444444,61.1944444444444,62.8611111111111,62.8055555555556,59.8888888888889,59.8888888888889,61.0,61.0,0.0,0.0,0.0,0.0,0.0,0.0,3454.3888888888896,3076.4166666666697,43.1694444444445,43.1694444444445,40.725,40.841666666666704,42.497222222222206,42.727777777777796,17.7,17.7,48.53,47.07,0.0,0.0,0.0,0.0,86.2558333333334,85.9083333333333,4
156,1.09755076407787,1.09755076407787,0.0,0.0,5.82555555555555,0.0,5.307777777777781,2675.1,1483.5388888888901,0.0,1483.67222222222,61.5,61.47222222222221,63.0,63.0,60.6388888888889,61.5555555555556,61.0,61.0,0.0,0.0,3161.5833333333303,3141.44444444444,0.0,0.0,3445.8888888888896,3062.02777777778,43.825,43.825,9.1,9.1,41.9472222222222,42.908333333333296,17.7,17.7,48.53,47.07,106.645833333333,106.138333333333,0.0,0.0,86.24444444444441,85.8933333333334,4
157,1.0987649769585301,1.0987649769585301,0.0,0.0,8.27888888888889,0.0,7.53472222222222,2675.1,1484.3777777777802,0.0,1484.4972222222198,61.47222222222221,60.5833333333333,63.0,63.0,62.5555555555556,61.8055555555556,61.0,61.0,0.0,0.0,3091.3333333333303,3094.97222222222,0.0,0.0,3468.52777777778,2922.72222222222,43.6583333333333,43.6583333333333,9.1,9.1,42.34722222222221,42.147222222222204,17.7,17.7,48.53,47.07,106.695,105.972222222222,0.0,0.0,86.2708333333334,85.77277777777779,4
158,1.09556263969807,1.09556263969807,0.0,0.0,8.30527777777778,0.0,7.58083333333333,2675.1,1484.7388888888902,0.0,1484.8583333333302,60.5833333333333,60.52777777777779,63.0,63.0,61.75,60.9444444444444,61.0,61.0,0.0,0.0,3088.94444444444,3094.8333333333303,0.0,0.0,3482.5,2918.3333333333303,43.8388888888889,43.8388888888889,9.1,9.1,41.2111111111111,42.1,17.7,17.7,48.53,47.07,106.668888888889,105.945,0.0,0.0,86.25138888888891,85.7505555555555,4
159,1.10049173660665,1.10049173660665,0.0,0.0,8.26805555555555,0.0,7.51305555555555,2675.1,1485.0722222222198,0.0,1485.19444444444,60.5555555555556,60.6388888888889,63.0,63.0,60.8888888888889,60.8333333333333,61.0,61.0,0.0,0.0,3108.47222222222,3109.27777777778,0.0,0.0,3467.25,2930.5833333333303,42.9388888888889,42.9388888888889,9.1,9.1,43.3583333333333,42.4555555555555,17.7,17.7,48.53,47.07,106.644444444444,105.92194444444401,0.0,0.0,86.23,85.7336111111111,4
160,1.1057386153276598,1.1057386153276598,0.0,0.0,8.296111111111111,0.0,7.50277777777778,2675.1,1484.31111111111,0.0,1484.44166666667,61.4444444444444,58.8888888888889,63.0,63.0,61.72222222222221,61.72222222222221,61.0,61.0,0.0,0.0,3083.47222222222,3080.3611111111104,0.0,0.0,3457.80555555556,2912.22222222222,43.2388888888889,43.2388888888889,9.1,9.1,42.3888888888889,42.227777777777796,17.7,17.7,48.53,47.07,106.69861111111099,105.97527777777799,0.0,0.0,86.2733333333334,85.77694444444451,4
161,1.10064539922552,1.10064539922552,0.0,0.0,8.29,0.0,7.531944444444441,2675.1,1484.4055555555599,0.0,1484.525,61.5,60.77777777777779,63.0,63.0,60.97222222222221,61.77777777777779,61.0,61.0,0.0,0.0,3075.0,3093.8888888888896,0.0,0.0,3450.5833333333303,2911.0,42.84722222222221,42.84722222222221,9.1,9.1,42.1194444444444,41.4888888888889,17.7,17.7,48.53,47.07,106.691111111111,105.96888888888901,0.0,0.0,86.26777777777781,85.77027777777779,4
162,1.0908055688204799,1.0908055688204799,0.0,0.0,8.24861111111111,0.0,7.561944444444451,2675.1,1484.30555555556,0.0,1484.43888888889,62.47222222222221,60.75,63.0,63.0,62.6111111111111,62.52777777777779,61.0,61.0,0.0,0.0,3084.0,3080.44444444444,0.0,0.0,3453.77777777778,2911.0833333333303,43.711111111111094,43.711111111111094,9.1,9.1,41.4527777777778,40.769444444444396,17.7,17.7,48.53,47.07,106.697777777778,105.976666666667,0.0,0.0,86.2758333333333,85.77472222222221,4
163,1.09756097560976,1.09756097560976,0.0,0.0,10.1375,0.0,9.236388888888891,2675.1,1484.21388888889,0.0,1484.35555555556,62.52777777777779,61.6944444444444,63.0,63.0,59.8333333333333,61.6388888888889,61.0,61.0,0.0,0.0,3039.47222222222,3081.80555555556,0.0,0.0,3461.8611111111104,2816.8888888888896,41.588888888888896,41.588888888888896,9.1,9.1,42.463888888888896,42.9,17.7,17.7,48.53,47.07,106.786944444444,105.90111111111099,0.0,0.0,86.335,85.7247222222222,4
164,1.09370125974805,1.09370125974805,0.0,0.0,12.661111111111099,0.0,11.5763888888889,2675.1,1484.3,0.0,1484.4083333333301,61.6388888888889,63.3611111111111,63.0,63.0,61.0,61.9166666666667,61.0,61.0,0.0,0.0,3161.8333333333303,3165.6111111111104,0.0,0.0,3494.3611111111104,2675.3333333333303,42.9361111111111,42.9361111111111,9.6,9.6,42.213888888888896,41.622222222222206,17.7,17.7,48.53,47.07,106.89,105.786111111111,0.0,0.0,86.4119444444444,85.6405555555556,4
165,0.5871947256012621,1.95067109749255,0.410708758898173,11.058333333333302,14.0522222222222,0.0,12.8727777777778,1650.18611111111,1484.3777777777802,0.0,1484.52777777778,62.8611111111111,62.8611111111111,63.0,63.0,59.0555555555556,58.22222222222221,61.0,61.0,2876.9166666666697,2464.22222222222,3111.9166666666697,3141.75,0.0,0.0,3465.69444444444,2589.47222222222,19.052777777777802,19.052777777777802,9.6,9.6,43.469444444444505,42.772222222222204,17.7,17.7,81.2616666666667,80.325,106.946111111111,105.71833333333299,0.0,0.0,86.4461111111111,85.5930555555555,4
166,0.549717547837848,2.10320036643896,0.4771723261854629,13.981944444444402,15.3536111111111,0.0,13.948055555555598,1484.5916666666699,1484.125,0.0,1484.25555555556,62.0,62.0,63.0,63.0,59.9166666666667,60.75,61.0,61.0,3505.9166666666697,2968.94444444444,3246.5,3269.8611111111104,0.0,0.0,3417.97222222222,2505.02777777778,15.6,15.6,10.1,10.1,42.772222222222204,43.075,17.7,17.7,86.59388888888891,85.6658333333333,107.021388888889,105.680833333333,0.0,0.0,86.4994444444444,85.5713888888889,4
167,0.5482437034690321,2.07590181346131,0.472288385317128,13.935,15.3825,0.0,14.1227777777778,1484.78611111111,1484.31111111111,0.0,1484.45833333333,62.0,62.0,63.0,63.0,62.5,62.4444444444444,61.0,61.0,3495.02777777778,2939.6666666666697,3233.69444444444,3254.94444444444,0.0,0.0,3436.69444444444,2509.1111111111104,15.6,15.6,10.1,10.1,42.4055555555556,41.966666666666704,17.7,17.7,86.58,85.6561111111111,107.008611111111,105.665277777778,0.0,0.0,86.4905555555555,85.55583333333341,4
168,0.552583272972625,2.07783394637975,0.468825682906224,13.873333333333301,15.469722222222199,0.0,14.1219444444444,1484.57777777778,1484.10555555555,0.0,1484.26944444444,62.0,62.0,63.0,63.0,61.6666666666667,61.6666666666667,61.0,61.0,3490.19444444444,2969.5,3238.3888888888896,3258.5,0.0,0.0,3621.3333333333294,2652.05555555556,15.6,15.6,10.1,10.1,41.9055555555556,41.7916666666667,18.1,18.1,86.59083333333331,85.6705555555556,107.02694444444401,105.676666666667,0.0,0.0,86.5033333333333,85.5686111111111,4
169,0.549092997465147,2.09414184565484,0.475682915786295,14.0083333333333,15.4038888888889,0.0,14.045,1484.54722222222,1484.06111111111,0.0,1484.2277777777801,62.0,62.0,63.0,63.0,62.5,62.4444444444444,61.0,61.0,3551.44444444444,2940.3611111111104,3253.05555555556,3268.77777777778,0.0,0.0,3635.8611111111104,2655.80555555556,15.6,15.6,10.1,10.1,40.3194444444444,41.25,18.1,18.1,86.59888888888891,85.66722222222221,107.02861111111099,105.68194444444401,0.0,0.0,86.5022222222222,85.57027777777779,4
170,0.5531815143988579,2.10261826007252,0.47390740512859203,13.9069444444444,15.4047222222222,0.0,13.9405555555556,1484.73611111111,1484.29166666667,0.0,1484.43333333333,62.0,62.0,63.0,63.0,61.6111111111111,61.6111111111111,61.0,61.0,3506.22222222222,2946.9166666666697,3221.5833333333303,3261.69444444444,0.0,0.0,3634.1666666666706,2667.9166666666697,15.6,15.6,10.1,10.1,42.1388888888889,42.2916666666667,18.1,18.1,86.5833333333333,85.6616666666667,107.01111111111099,105.665555555556,0.0,0.0,86.4872222222222,85.5636111111111,4
171,0.5462601133799351,2.08262316667277,0.475628545416345,15.0922222222222,16.5416666666667,0.0,15.189444444444401,1484.7888888888901,1484.33333333333,0.0,1484.48055555556,61.97222222222221,61.97222222222221,63.0,63.0,60.9166666666667,60.0555555555556,61.0,61.0,3472.5833333333303,2904.75,3201.4166666666697,3231.55555555556,0.0,0.0,3626.4722222222204,2597.6666666666697,15.627777777777801,15.627777777777801,10.1,10.1,40.7555555555556,41.372222222222206,18.108333333333302,18.108333333333302,86.6191666666667,85.6158333333333,107.059166666667,105.61305555555599,0.0,0.0,86.5241666666667,85.5222222222222,4
172,0.548578079141786,2.07691534285139,0.47221821330639296,16.36,18.068333333333303,0.0,16.5766666666667,1484.65,1484.16666666667,0.0,1484.3916666666698,61.1944444444444,61.1944444444444,63.0,63.0,60.1944444444444,59.3333333333333,61.77777777777779,61.77777777777779,3484.4166666666697,2943.77777777778,3150.27777777778,3176.8611111111104,0.0,0.0,3605.6111111111104,2599.27777777778,16.1055555555556,16.1055555555556,10.1,10.1,41.2972222222222,40.9694444444444,18.6666666666667,18.6916666666667,86.66888888888892,85.58444444444442,107.13722222222201,105.557777777778,0.0,0.0,86.5819444444444,85.47527777777779,4
173,0.0,0.0,0.0,0.0,0.0,0.0,4.04833333333333,2675.1,0.0,1353.6,412.336111111111,57.3611111111111,57.4166666666667,57.0555555555556,58.8888888888889,57.1666666666667,54.5555555555556,60.1111111111111,60.0555555555556,0.0,0.0,0.0,0.0,1402.0,1537.0,1011.75,716.0,46.22222222222221,46.22222222222221,48.0722222222222,48.372222222222206,47.2805555555556,47.72222222222221,36.9888888888889,37.036111111111104,48.53,47.07,0.0,0.0,115.22,117.4,24.0297222222222,23.761111111111102,4
174,0.0,0.0,0.0,0.0,0.0,0.0,14.5475,2675.1,0.0,1353.6,1484.425,62.6388888888889,63.5555555555556,64.2777777777778,63.4166666666667,57.6111111111111,57.52777777777779,61.0,61.0,0.0,0.0,0.0,0.0,1402.0,1537.0,3645.0833333333294,2580.5,44.725,44.725,44.1083333333333,44.525,45.311111111111096,45.747222222222206,18.236111111111104,18.236111111111104,48.53,47.07,0.0,0.0,115.22,117.4,86.505,85.54333333333341,4
175,0.0,0.0,0.0,0.0,0.0,0.0,14.514166666666698,2675.1,0.0,1353.6,1484.3972222222199,59.1666666666667,59.0833333333333,56.3611111111111,56.3611111111111,59.1666666666667,57.25,61.0,61.0,0.0,0.0,0.0,0.0,1402.0,1537.0,3556.5833333333294,2546.22222222222,46.9222222222222,46.9222222222222,47.4166666666667,47.961111111111094,45.5722222222222,45.5722222222222,18.188888888888897,18.188888888888897,48.53,47.07,0.0,0.0,115.22,117.4,86.50555555555559,85.5452777777778,4
176,0.0,0.0,0.0,0.0,0.0,0.0,14.426944444444402,2675.1,0.0,1353.6,1484.4,58.27777777777779,60.1111111111111,63.1666666666667,64.1388888888889,56.3888888888889,56.3611111111111,61.0,61.0,0.0,0.0,0.0,0.0,1402.0,1537.0,3658.1388888888896,2548.4166666666697,46.5166666666667,46.5166666666667,46.186111111111096,45.6805555555556,46.8583333333333,47.8583333333333,18.205555555555602,18.205555555555602,48.53,47.07,0.0,0.0,115.22,117.4,86.5041666666667,85.5475,4
177,0.0,0.0,0.0,0.0,0.0,0.0,14.5002777777778,2675.1,0.0,1353.6,1484.44444444444,60.1666666666667,61.0555555555556,54.52777777777779,54.47222222222221,58.0,57.97222222222221,61.0,61.0,0.0,0.0,0.0,0.0,1402.0,1537.0,3629.94444444444,2587.1388888888896,43.6083333333333,43.6083333333333,47.247222222222206,47.997222222222206,48.0055555555556,47.3027777777778,18.2,18.2,48.53,47.07,0.0,0.0,115.22,117.4,86.5047222222222,85.54333333333331,4
178,0.0,0.0,0.0,0.0,0.0,0.0,14.3827777777778,2675.1,0.0,1353.6,1484.49444444444,59.3888888888889,60.3333333333333,59.4444444444444,58.5,67.2777777777778,62.97222222222221,61.0,61.0,0.0,0.0,0.0,0.0,1402.0,1537.0,3651.2777777777796,2601.22222222222,45.394444444444396,45.394444444444396,42.247222222222206,43.275,41.0416666666667,41.0416666666667,18.2,18.2,48.53,47.07,0.0,0.0,115.22,117.4,86.5,85.5430555555556,4
179,0.0,0.0,0.0,0.0,0.0,0.0,15.7905555555556,2675.1,0.0,1353.6,1484.67222222222,59.3055555555556,58.4166666666667,57.25,58.0833333333333,59.22222222222221,59.1666666666667,61.0,61.0,0.0,0.0,0.0,0.0,1402.0,1537.0,3541.0277777777796,2522.0833333333303,45.3222222222222,45.3222222222222,47.825,48.0805555555555,44.4083333333333,45.061111111111096,18.7861111111111,18.783333333333303,48.53,47.07,0.0,0.0,115.22,117.4,86.53388888888891,85.4883333333333,4
180,0.0,0.0,0.0,0.0,0.0,0.0,16.7680555555556,2675.1,0.0,1353.6,1508.325,61.47222222222221,61.52777777777779,59.6111111111111,59.6944444444444,60.0555555555556,60.8333333333333,63.4166666666667,63.4166666666667,0.0,0.0,0.0,0.0,1402.0,1537.0,3176.80555555556,2343.05555555556,43.586111111111094,43.586111111111094,43.5722222222222,43.7833333333333,41.838888888888896,42.0638888888889,19.266666666666698,19.3527777777778,48.53,47.07,0.0,0.0,115.22,117.4,85.3116666666667,84.2002777777778,4
